date,ticker,direction_bucket,side,market_mid,u10_prob,entry_price,ev,n_contracts,cost,outcome,won,pnl,bankroll_after
2025-01-01,KXHIGHNY-25JAN01-B53.5,between,NO,0.12,0.04225923090250768,0.91,0.03774076909749225,10,9.200000000000001,0,1,0.7999999999999989,1000.8
2025-01-02,KXHIGHNY-25JAN02-T43,above,NO,0.125,0.053599302895616145,0.89,0.04640069710438389,10,9.0,0,1,1.0,1001.8
2025-01-04,KXHIGHNY-25JAN04-B31.5,between,NO,0.075,0.029466287981786733,0.9299999999999999,0.030533712018213317,10,9.399999999999999,0,1,0.6000000000000014,1002.4
2025-01-05,KXHIGHNY-25JAN05-T37,above,NO,0.095,0.04561432492532988,0.91,0.03438567507467006,10,9.200000000000001,0,1,0.7999999999999989,1003.1999999999999
2025-01-06,KXHIGHNY-25JAN06-B34.5,between,NO,0.065,0.027983969996471077,0.94,0.022016030003528926,10,9.5,0,1,0.5,1003.6999999999999
2025-01-09,KXHIGHNY-25JAN09-B30.5,between,NO,0.13,0.05330152055268095,0.9,0.03669847944731897,10,9.1,0,1,0.9000000000000004,1004.5999999999999
2025-01-13,KXHIGHNY-25JAN13-B41.5,between,NO,0.095,0.04677236491744404,0.92,0.023227635082555882,10,9.3,1,0,-9.3,995.3
2025-01-14,KXHIGHNY-25JAN14-T35,above,NO,0.11,0.04477611940298507,0.92,0.025223880597014865,10,9.3,0,1,0.6999999999999993,996.0
2025-01-21,KXHIGHNY-25JAN21-B17.5,between,NO,0.135,0.058823529411764705,0.89,0.041176470588235266,10,9.0,0,1,1.0,997.0
2025-01-22,KXHIGHNY-25JAN22-B18.5,between,NO,0.12,0.04477611940298507,0.91,0.035223880597014874,10,9.200000000000001,0,1,0.7999999999999989,997.8
2025-01-23,KXHIGHNY-25JAN23-B32.5,between,NO,0.095,0.04477611940298507,0.92,0.025223880597014865,10,9.3,0,1,0.6999999999999993,998.5
2025-01-24,KXHIGHNY-25JAN24-B29.5,between,NO,0.105,0.04477611940298507,0.92,0.025223880597014865,10,9.3,0,1,0.6999999999999993,999.2
2025-01-26,KXHIGHNY-25JAN26-B37.5,between,NO,0.075,0.026881720430107527,0.9299999999999999,0.03311827956989256,10,9.399999999999999,0,1,0.6000000000000014,999.8000000000001
2025-01-29,KXHIGHNY-25JAN29-B45.5,between,NO,0.115,0.04477611940298507,0.9,0.04522388059701488,10,9.1,0,1,0.9000000000000004,1000.7
2025-01-31,KXHIGHNY-25JAN31-B41.5,between,NO,0.115,0.04477611940298507,0.91,0.035223880597014874,10,9.200000000000001,0,1,0.7999999999999989,1001.5
2025-02-02,KXHIGHNY-25FEB02-B33.5,between,NO,0.115,0.05144314053854851,0.9,0.038556859461451494,10,9.1,0,1,0.9000000000000004,1002.4
2025-02-02,KXHIGHNY-25FEB02-T38,above,NO,0.12,0.05144314053854851,0.89,0.0485568594614515,10,9.0,0,1,1.0,1003.4
2025-02-03,KXHIGHNY-25FEB03-T49,above,NO,0.105,0.055449904865564406,0.9,0.03455009513443553,10,9.1,0,1,0.9000000000000004,1004.3
2025-02-08,KXHIGHNY-25FEB08-B32.5,between,NO,0.095,0.04477611940298507,0.92,0.025223880597014865,10,9.3,0,1,0.6999999999999993,1005.0
2025-02-10,KXHIGHNY-25FEB10-B37.5,between,NO,0.135,0.06255737085413791,0.9,0.027442629145862048,10,9.1,1,0,-9.1,995.9
2025-02-15,KXHIGHNY-25FEB15-B39.5,between,NO,0.075,0.029380815480231543,0.9299999999999999,0.030619184519768534,10,9.399999999999999,0,1,0.6000000000000014,996.5
2025-02-16,KXHIGHNY-25FEB16-T55,above,NO,0.135,0.06995332964425227,0.9,0.020046670355747705,10,9.1,0,1,0.9000000000000004,997.4
2025-02-20,KXHIGHNY-25FEB20-B26.5,between,NO,0.105,0.04623942394569178,0.9,0.04376057605430817,10,9.1,0,1,0.9000000000000004,998.3
2025-02-23,KXHIGHNY-25FEB23-T47,above,NO,0.105,0.04657038187259233,0.92,0.023429618127407632,10,9.3,0,1,0.6999999999999993,999.0
2025-02-25,KXHIGHNY-25FEB25-B50.5,between,NO,0.145,0.08684771868911195,0.88,0.023152281310888097,10,8.9,0,1,1.0999999999999996,1000.1
2025-02-26,KXHIGHNY-25FEB26-B51.5,between,NO,0.07,0.025511021566928117,0.94,0.02448897843307197,10,9.5,0,1,0.5,1000.6
2025-02-27,KXHIGHNY-25FEB27-B54.5,between,NO,0.12,0.055183767323722814,0.9,0.03481623267627721,10,9.1,1,0,-9.1,991.5
2025-03-03,KXHIGHNY-25MAR03-B35.5,between,NO,0.085,0.047734880548429906,0.92,0.022265119451570066,10,9.3,0,1,0.6999999999999993,992.2
2025-03-03,KXHIGHNY-25MAR03-T40,above,NO,0.11,0.048091111000283855,0.91,0.03190888899971612,10,9.200000000000001,0,1,0.7999999999999989,993.0
2025-03-04,KXHIGHNY-25MAR04-B49.5,between,NO,0.085,0.043725404459991256,0.92,0.026274595540008668,10,9.3,0,1,0.6999999999999993,993.7
2025-03-05,KXHIGHNY-25MAR05-B58.5,between,NO,0.11,0.048005315522970965,0.91,0.03199468447702903,10,9.200000000000001,0,1,0.7999999999999989,994.5
2025-03-07,KXHIGHNY-25MAR07-B51.5,between,NO,0.155,0.11425893498341623,0.85,0.025741065016583804,10,8.6,0,1,1.4000000000000004,995.9
2025-03-13,KXHIGHNY-25MAR13-T51,above,NO,0.09,0.045422668024292415,0.92,0.024577331975707557,10,9.3,0,1,0.6999999999999993,996.6
2025-03-15,KXHIGHNY-25MAR15-B56.5,between,NO,0.115,0.04802627560270974,0.92,0.02197372439729018,10,9.3,0,1,0.6999999999999993,997.3000000000001
2025-03-16,KXHIGHNY-25MAR16-B59.5,between,NO,0.135,0.0679227991126343,0.88,0.04207720088736567,10,8.9,0,1,1.0999999999999996,998.4000000000001
2025-03-16,KXHIGHNY-25MAR16-B65.5,between,NO,0.13,0.057734379245739154,0.9,0.03226562075426077,10,9.1,0,1,0.9000000000000004,999.3000000000001
2025-03-19,KXHIGHNY-25MAR19-B58.5,between,NO,0.095,0.04940823287554471,0.92,0.020591767124455214,10,9.3,0,1,0.6999999999999993,1000.0000000000001
2025-03-19,KXHIGHNY-25MAR19-B64.5,between,NO,0.105,0.04940823287554471,0.9,0.04059176712445523,10,9.1,0,1,0.9000000000000004,1000.9000000000001
2025-03-20,KXHIGHNY-25MAR20-B56.5,between,NO,0.13,0.05769036132384198,0.89,0.04230963867615801,10,9.0,0,1,1.0,1001.9000000000001
2025-03-20,KXHIGHNY-25MAR20-T52,below,NO,0.13,0.05769036132384198,0.88,0.05230963867615802,10,8.9,0,1,1.0999999999999996,1003.0000000000001
2025-03-25,KXHIGHNY-25MAR25-T55,below,NO,0.125,0.05162771371631363,0.89,0.0483722862836864,10,9.0,0,1,1.0,1004.0000000000001
2025-03-28,KXHIGHNY-25MAR28-B65.5,between,NO,0.075,0.025427902528158058,0.94,0.024572097471841976,10,9.5,0,1,0.5,1004.5000000000001
2025-03-29,KXHIGHNY-25MAR29-B83.5,between,NO,0.095,0.04519966048541975,0.91,0.03480033951458018,10,9.200000000000001,0,1,0.7999999999999989,1005.3000000000001
2025-03-31,KXHIGHNY-25MAR31-B73.5,between,NO,0.105,0.050318153084171556,0.91,0.029681846915828432,10,9.200000000000001,1,0,-9.200000000000001,996.1
2025-03-31,KXHIGHNY-25MAR31-T74,above,NO,0.13,0.05618860427732491,0.88,0.05381139572267513,10,8.9,0,1,1.0999999999999996,997.2
2025-04-03,KXHIGHNY-25APR03-B74.5,between,NO,0.125,0.052309274948806786,0.89,0.04769072505119321,10,9.0,0,1,1.0,998.2
2025-04-06,KXHIGHNY-25APR06-B57.5,between,NO,0.155,0.11882571013128156,0.85,0.021174289868718506,10,8.6,0,1,1.4000000000000004,999.6
2025-04-06,KXHIGHNY-25APR06-T53,below,NO,0.125,0.05495689093571772,0.88,0.05504310906428223,10,8.9,0,1,1.0999999999999996,1000.7
2025-04-09,KXHIGHNY-25APR09-B51.5,between,NO,0.115,0.04095705777870651,0.92,0.02904294222129345,10,9.3,0,1,0.6999999999999993,1001.4000000000001
2025-04-10,KXHIGHNY-25APR10-B53.5,between,NO,0.155,0.11084287021396874,0.85,0.02915712978603125,10,8.6,0,1,1.4000000000000004,1002.8000000000001
2025-04-10,KXHIGHNY-25APR10-T49,below,NO,0.075,0.027561735201054052,0.9299999999999999,0.032438264798945966,10,9.399999999999999,0,1,0.6000000000000014,1003.4000000000001
2025-04-14,KXHIGHNY-25APR14-B61.5,between,NO,0.115,0.051349484564647954,0.89,0.048650515435352044,10,9.0,0,1,1.0,1004.4000000000001
2025-04-14,KXHIGHNY-25APR14-B67.5,between,NO,0.13,0.057340257763856886,0.88,0.05265974223614312,10,8.9,0,1,1.0999999999999996,1005.5000000000001
2025-04-18,KXHIGHNY-25APR18-T69,above,NO,0.125,0.0511930066161722,0.88,0.058806993383827784,10,8.9,0,1,1.0999999999999996,1006.6000000000001
2025-04-22,KXHIGHNY-25APR22-B80.5,between,NO,0.155,0.11341336095556173,0.85,0.02658663904443826,10,8.6,0,1,1.4000000000000004,1008.0000000000001
2025-04-23,KXHIGHNY-25APR23-T77,above,NO,0.15,0.09094645231475885,0.86,0.03905354768524117,10,8.7,0,1,1.3000000000000007,1009.3000000000001
2025-04-25,KXHIGHNY-25APR25-B73.5,between,NO,0.14,0.0954551337618583,0.87,0.02454486623814168,10,8.8,0,1,1.1999999999999993,1010.5000000000001
2025-04-25,KXHIGHNY-25APR25-T80,above,NO,0.115,0.04818088162742372,0.92,0.021819118372576225,10,9.3,0,1,0.6999999999999993,1011.2000000000002
2025-04-26,KXHIGHNY-25APR26-B75.5,between,NO,0.075,0.028918415837376994,0.94,0.021081584162623075,10,9.5,0,1,0.5,1011.7000000000002
2025-04-27,KXHIGHNY-25APR27-T63,above,NO,0.065,0.026823403183985017,0.94,0.023176596816015034,10,9.5,0,1,0.5,1012.2000000000002
2025-05-01,KXHIGHNY-25MAY01-B72.5,between,NO,0.1,0.04452570361244064,0.92,0.025474296387559277,10,9.3,0,1,0.6999999999999993,1012.9000000000002
2025-05-02,KXHIGHNY-25MAY02-B79.5,between,NO,0.08,0.0390913085844208,0.9299999999999999,0.02090869141557928,10,9.399999999999999,0,1,0.6000000000000014,1013.5000000000002
2025-05-03,KXHIGHNY-25MAY03-B78.5,between,NO,0.065,0.02607754673519254,0.94,0.02392245326480747,10,9.5,0,1,0.5,1014.0000000000002
2025-05-03,KXHIGHNY-25MAY03-T85,above,NO,0.155,0.10487402578909864,0.85,0.03512597421090136,10,8.6,0,1,1.4000000000000004,1015.4000000000002
2025-05-04,KXHIGHNY-25MAY04-B72.5,between,NO,0.07,0.028463566634707577,0.94,0.021536433365292436,10,9.5,0,1,0.5,1015.9000000000002
2025-05-05,KXHIGHNY-25MAY05-B66.5,between,NO,0.105,0.0478136219424447,0.91,0.032186378057555316,10,9.200000000000001,0,1,0.7999999999999989,1016.7000000000002
2025-05-06,KXHIGHNY-25MAY06-B68.5,between,NO,0.145,0.1026335919607229,0.86,0.027366408039277153,10,8.7,0,1,1.3000000000000007,1018.0000000000001
2025-05-06,KXHIGHNY-25MAY06-T64,below,NO,0.115,0.05180420109822105,0.89,0.04819579890177895,10,9.0,0,1,1.0,1019.0000000000001
2025-05-07,KXHIGHNY-25MAY07-B70.5,between,NO,0.12,0.047034346116526224,0.89,0.05296565388347375,10,9.0,0,1,1.0,1020.0000000000001
2025-05-08,KXHIGHNY-25MAY08-B71.5,between,NO,0.11,0.049698131842933736,0.9,0.040301868157066274,10,9.1,0,1,0.9000000000000004,1020.9000000000001
2025-05-10,KXHIGHNY-25MAY10-B74.5,between,NO,0.135,0.06724650395532922,0.88,0.04275349604467083,10,8.9,0,1,1.0999999999999996,1022.0000000000001
2025-05-12,KXHIGHNY-25MAY12-B76.5,between,NO,0.125,0.053095696454076885,0.88,0.056904303545923136,10,8.9,0,1,1.0999999999999996,1023.1000000000001
2025-05-13,KXHIGHNY-25MAY13-B72.5,between,NO,0.115,0.04861886600000712,0.89,0.051381133999992896,10,9.0,0,1,1.0,1024.1000000000001
2025-05-15,KXHIGHNY-25MAY15-T69,below,NO,0.125,0.05418705112452698,0.88,0.05581294887547306,10,8.9,0,1,1.0999999999999996,1025.2
2025-05-16,KXHIGHNY-25MAY16-B75.5,between,NO,0.14,0.09142425265993495,0.87,0.02857574734006508,10,8.8,0,1,1.1999999999999993,1026.4
2025-05-19,KXHIGHNY-25MAY19-T69,below,NO,0.065,0.02761127586377275,0.94,0.022388724136227285,10,9.5,0,1,0.5,1026.9
2025-05-20,KXHIGHNY-25MAY20-B70.5,between,NO,0.115,0.05360512111155421,0.89,0.04639487888844574,10,9.0,0,1,1.0,1027.9
2025-05-20,KXHIGHNY-25MAY20-T66,below,NO,0.135,0.0704224140092967,0.87,0.049577585990703284,10,8.8,0,1,1.1999999999999993,1029.1000000000001
2025-05-22,KXHIGHNY-25MAY22-B55.5,between,NO,0.13,0.05476094127100115,0.88,0.05523905872899882,10,8.9,0,1,1.0999999999999996,1030.2
2025-05-23,KXHIGHNY-25MAY23-B60.5,between,NO,0.125,0.05484251838957961,0.9,0.03515748161042032,10,9.1,0,1,0.9000000000000004,1031.1000000000001
2025-05-26,KXHIGHNY-25MAY26-B74.5,between,NO,0.125,0.05840163934426229,0.89,0.04159836065573764,10,9.0,0,1,1.0,1032.1000000000001
2025-05-27,KXHIGHNY-25MAY27-B77.5,between,NO,0.095,0.047585479418830554,0.92,0.022414520581169446,10,9.3,0,1,0.6999999999999993,1032.8000000000002
2025-05-30,KXHIGHNY-25MAY30-B79.5,between,NO,0.09,0.046304745124503395,0.92,0.023695254875496514,10,9.3,0,1,0.6999999999999993,1033.5000000000002
2025-06-02,KXHIGHNY-25JUN02-T72,below,NO,0.125,0.05476094127100115,0.89,0.04523905872899881,10,9.0,1,0,-9.0,1024.5000000000002
2025-06-03,KXHIGHNY-25JUN03-B82.5,between,NO,0.12,0.046997575910656356,0.89,0.05300242408934364,10,9.0,0,1,1.0,1025.5000000000002
2025-06-10,KXHIGHNY-25JUN10-B79.5,between,NO,0.07,0.02665310008285841,0.94,0.02334689991714168,10,9.5,0,1,0.5,1026.0000000000002
2025-06-12,KXHIGHNY-25JUN12-T85,below,NO,0.07,0.02606233745331641,0.94,0.02393766254668362,10,9.5,0,1,0.5,1026.5000000000002
2025-06-13,KXHIGHNY-25JUN13-B80.5,between,NO,0.125,0.058795474711623774,0.88,0.051204525288376275,10,8.9,0,1,1.0999999999999996,1027.6000000000001
2025-06-13,KXHIGHNY-25JUN13-T76,below,NO,0.145,0.1043145519077196,0.86,0.025685448092280468,10,8.7,0,1,1.3000000000000007,1028.9
2025-06-17,KXHIGHNY-25JUN17-T69,below,NO,0.11,0.04585499452957959,0.91,0.03414500547042033,10,9.200000000000001,1,0,-9.200000000000001,1019.7
2025-06-19,KXHIGHNY-25JUN19-T87,below,NO,0.085,0.047545240752042126,0.92,0.02245475924795782,10,9.3,0,1,0.6999999999999993,1020.4000000000001
2025-06-21,KXHIGHNY-25JUN21-B90.5,between,NO,0.105,0.0468138306124125,0.92,0.023186169387587448,10,9.3,0,1,0.6999999999999993,1021.1000000000001
2025-06-23,KXHIGHNY-25JUN23-B98.5,between,NO,0.13,0.0625,0.9,0.027499999999999976,10,9.1,0,1,0.9000000000000004,1022.0000000000001
2025-06-23,KXHIGHNY-25JUN23-T94,below,NO,0.13,0.0625,0.89,0.037499999999999985,10,9.0,0,1,1.0,1023.0000000000001
2025-06-24,KXHIGHNY-25JUN24-B102.5,between,NO,0.115,0.05289734100636933,0.89,0.04710265899363065,10,9.0,0,1,1.0,1024.0
2025-06-25,KXHIGHNY-25JUN25-B92.5,between,NO,0.095,0.04491140562671546,0.91,0.035088594373284494,10,9.200000000000001,0,1,0.7999999999999989,1024.8
2025-06-28,KXHIGHNY-25JUN28-B86.5,between,NO,0.135,0.06570291683789645,0.88,0.044297083162103575,10,8.9,0,1,1.0999999999999996,1025.8999999999999
2025-07-01,KXHIGHNY-25JUL01-B84.5,between,NO,0.065,0.027316231252330268,0.94,0.02268376874766976,10,9.5,0,1,0.5,1026.3999999999999
2025-07-02,KXHIGHNY-25JUL02-B81.5,between,NO,0.155,0.11319085077491864,0.85,0.02680914922508138,10,8.6,0,1,1.4000000000000004,1027.8
2025-07-02,KXHIGHNY-25JUL02-T86,above,NO,0.09,0.04688128520901481,0.92,0.023118714790985158,10,9.3,0,1,0.6999999999999993,1028.5
2025-07-04,KXHIGHNY-25JUL04-T82,below,NO,0.085,0.047731197990265345,0.92,0.022268802009734585,10,9.3,0,1,0.6999999999999993,1029.2
2025-07-08,KXHIGHNY-25JUL08-B88.5,between,NO,0.135,0.06451505108654233,0.87,0.055484948913457684,10,8.8,0,1,1.1999999999999993,1030.4
2025-07-10,KXHIGHNY-25JUL10-B77.5,between,NO,0.085,0.045458635641036756,0.92,0.024541364358963154,10,9.3,0,1,0.6999999999999993,1031.1000000000001
2025-07-14,KXHIGHNY-25JUL14-B86.5,between,NO,0.15,0.08415600687463366,0.87,0.035843993125366354,10,8.8,0,1,1.1999999999999993,1032.3000000000002
2025-07-16,KXHIGHNY-25JUL16-B86.5,between,NO,0.155,0.1087285337300625,0.85,0.031271466269937494,10,8.6,1,0,-8.6,1023.7000000000002
2025-07-17,KXHIGHNY-25JUL17-T94,above,NO,0.135,0.059088278233225926,0.89,0.04091172176677405,10,9.0,0,1,1.0,1024.7000000000003
2025-07-18,KXHIGHNY-25JUL18-B87.5,between,NO,0.1,0.053927928579164806,0.91,0.026072071420835126,10,9.200000000000001,0,1,0.7999999999999989,1025.5000000000002
2025-07-19,KXHIGHNY-25JUL19-B85.5,between,NO,0.065,0.028230593145078302,0.94,0.021769406854921798,10,9.5,0,1,0.5,1026.0000000000002
2025-07-20,KXHIGHNY-25JUL20-T87,below,NO,0.145,0.0953974816406243,0.86,0.034602518359375674,10,8.7,0,1,1.3000000000000007,1027.3000000000002
2025-07-21,KXHIGHNY-25JUL21-B80.5,between,NO,0.085,0.0474501234497829,0.92,0.022549876550217014,10,9.3,0,1,0.6999999999999993,1028.0000000000002
2025-07-22,KXHIGHNY-25JUL22-T78,below,NO,0.135,0.062337656195756604,0.87,0.057662343804243406,10,8.8,0,1,1.1999999999999993,1029.2000000000003
2025-07-29,KXHIGHNY-25JUL29-B99.5,between,NO,0.13,0.05303937320488086,0.88,0.05696062679511916,10,8.9,0,1,1.0999999999999996,1030.3000000000002
2025-07-30,KXHIGHNY-25JUL30-B93.5,between,NO,0.145,0.09265305141323242,0.86,0.03734694858676758,10,8.7,0,1,1.3000000000000007,1031.6000000000001
2025-07-31,KXHIGHNY-25JUL31-B86.5,between,NO,0.085,0.045069086164976575,0.92,0.024930913835023334,10,9.3,0,1,0.6999999999999993,1032.3000000000002
2025-08-06,KXHIGHNY-25AUG06-B79.5,between,NO,0.15,0.09040444091990485,0.87,0.029595559080095153,10,8.8,1,0,-8.8,1023.5000000000002
2025-08-07,KXHIGHNY-25AUG07-B78.5,between,NO,0.13,0.05610502936491303,0.89,0.04389497063508697,10,9.0,0,1,1.0,1024.5000000000002
2025-08-10,KXHIGHNY-25AUG10-B85.5,between,NO,0.075,0.026759226675249655,0.94,0.023240773324750393,10,9.5,0,1,0.5,1025.0000000000002
2025-08-11,KXHIGHNY-25AUG11-B86.5,between,NO,0.135,0.060557447237996075,0.89,0.03944255276200393,10,9.0,0,1,1.0,1026.0000000000002
2025-08-12,KXHIGHNY-25AUG12-B92.5,between,NO,0.105,0.046747183436635385,0.91,0.03325281656336455,10,9.200000000000001,0,1,0.7999999999999989,1026.8000000000002
2025-08-13,KXHIGHNY-25AUG13-B86.5,between,NO,0.09,0.04721457534099675,0.92,0.022785424659003246,10,9.3,0,1,0.6999999999999993,1027.5000000000002
2025-08-15,KXHIGHNY-25AUG15-B89.5,between,NO,0.11,0.04802655784391649,0.91,0.03197344215608345,10,9.200000000000001,1,0,-9.200000000000001,1018.3000000000002
2025-08-16,KXHIGHNY-25AUG16-T83,below,NO,0.075,0.02850455840244166,0.94,0.021495441597558347,10,9.5,0,1,0.5,1018.8000000000002
2025-08-17,KXHIGHNY-25AUG17-B88.5,between,NO,0.125,0.05973803374096597,0.9,0.030261966259033997,10,9.1,0,1,0.9000000000000004,1019.7000000000002
2025-08-17,KXHIGHNY-25AUG17-T93,above,NO,0.115,0.05349674663370086,0.91,0.026503253366299113,10,9.200000000000001,0,1,0.7999999999999989,1020.5000000000001
2025-08-19,KXHIGHNY-25AUG19-T75,below,NO,0.065,0.02835422859615625,0.94,0.021645771403843835,10,9.5,0,1,0.5,1021.0000000000001
2025-08-21,KXHIGHNY-25AUG21-B75.5,between,NO,0.075,0.02864527777591492,0.9299999999999999,0.03135472222408509,10,9.399999999999999,0,1,0.6000000000000014,1021.6000000000001
2025-08-21,KXHIGHNY-25AUG21-T69,below,NO,0.085,0.04736019258951267,0.92,0.02263980741048733,10,9.3,0,1,0.6999999999999993,1022.3000000000002
2025-08-23,KXHIGHNY-25AUG23-T82,below,NO,0.135,0.06522301085853906,0.87,0.054776989141460904,10,8.8,0,1,1.1999999999999993,1023.5000000000002
2025-08-24,KXHIGHNY-25AUG24-B83.5,between,NO,0.125,0.055093756040982024,0.88,0.054906243959018004,10,8.9,0,1,1.0999999999999996,1024.6000000000001
2025-08-29,KXHIGHNY-25AUG29-T77,below,NO,0.065,0.028293768777112267,0.94,0.021706231222887735,10,9.5,0,1,0.5,1025.1000000000001
2025-08-31,KXHIGHNY-25AUG31-B80.5,between,NO,0.115,0.04854727255176956,0.9,0.04145272744823037,10,9.1,0,1,0.9000000000000004,1026.0000000000002
2025-09-03,KXHIGHNY-25SEP03-B80.5,between,NO,0.065,0.02800967935894984,0.94,0.021990320641050227,10,9.5,0,1,0.5,1026.5000000000002
2025-09-04,KXHIGHNY-25SEP04-B76.5,between,NO,0.145,0.09133524258465626,0.87,0.028664757415343696,10,8.8,1,0,-8.8,1017.7000000000003
2025-09-05,KXHIGHNY-25SEP05-T82,below,NO,0.14,0.09133524258465626,0.87,0.028664757415343696,10,8.8,0,1,1.1999999999999993,1018.9000000000003
2025-09-06,KXHIGHNY-25SEP06-B87.5,between,NO,0.105,0.04964117336119458,0.9,0.04035882663880542,10,9.1,0,1,0.9000000000000004,1019.8000000000003
2025-09-06,KXHIGHNY-25SEP06-T88,above,NO,0.075,0.02980249655197166,0.9299999999999999,0.030197503448028414,10,9.399999999999999,0,1,0.6000000000000014,1020.4000000000003
2025-09-07,KXHIGHNY-25SEP07-B73.5,between,NO,0.065,0.028338977927416423,0.94,0.021661022072583587,10,9.5,0,1,0.5,1020.9000000000003
2025-09-09,KXHIGHNY-25SEP09-T72,below,NO,0.11,0.048884263884751374,0.91,0.031115736115248545,10,9.200000000000001,0,1,0.7999999999999989,1021.7000000000003
2025-09-10,KXHIGHNY-25SEP10-B69.5,between,NO,0.15,0.0952583521976269,0.86,0.034741647802373106,10,8.7,0,1,1.3000000000000007,1023.0000000000002
2025-09-11,KXHIGHNY-25SEP11-T78,below,NO,0.115,0.049862730809195246,0.89,0.05013726919080475,10,9.0,0,1,1.0,1024.0000000000002
2025-09-13,KXHIGHNY-25SEP13-T77,below,NO,0.135,0.062453112437681764,0.88,0.04754688756231818,10,8.9,0,1,1.0999999999999996,1025.1000000000001
2025-09-14,KXHIGHNY-25SEP14-B83.5,between,NO,0.145,0.09374831791295613,0.86,0.036251682087043886,10,8.7,0,1,1.3000000000000007,1026.4
2025-09-15,KXHIGHNY-25SEP15-B77.5,between,NO,0.135,0.06282099323296671,0.87,0.057179006767033254,10,8.8,0,1,1.1999999999999993,1027.6000000000001
2025-09-16,KXHIGHNY-25SEP16-B77.5,between,NO,0.115,0.047770367007717286,0.9,0.04222963299228267,10,9.1,0,1,0.9000000000000004,1028.5000000000002
2025-09-18,KXHIGHNY-25SEP18-B78.5,between,NO,0.09,0.04784200388051809,0.92,0.02215799611948189,10,9.3,0,1,0.6999999999999993,1029.2000000000003
2025-09-18,KXHIGHNY-25SEP18-T83,above,NO,0.085,0.047487618666588335,0.92,0.02251238133341161,10,9.3,0,1,0.6999999999999993,1029.9000000000003
2025-09-19,KXHIGHNY-25SEP19-B86.5,between,NO,0.125,0.05355754802668481,0.88,0.05644245197331522,10,8.9,0,1,1.0999999999999996,1031.0000000000002
2025-09-20,KXHIGHNY-25SEP20-B70.5,between,NO,0.095,0.04802655784391649,0.91,0.03197344215608345,10,9.200000000000001,0,1,0.7999999999999989,1031.8000000000002
2025-09-23,KXHIGHNY-25SEP23-B78.5,between,NO,0.105,0.05025849324449434,0.9,0.03974150675550559,10,9.1,0,1,0.9000000000000004,1032.7000000000003
2025-09-25,KXHIGHNY-25SEP25-B77.5,between,NO,0.095,0.047017935555182834,0.91,0.03298206444481711,10,9.200000000000001,1,0,-9.200000000000001,1023.5000000000002
2025-09-26,KXHIGHNY-25SEP26-B83.5,between,NO,0.095,0.04939603002277224,0.92,0.020603969977227694,10,9.3,0,1,0.6999999999999993,1024.2000000000003
2025-09-28,KXHIGHNY-25SEP28-B79.5,between,NO,0.125,0.055707584050039095,0.88,0.05429241594996093,10,8.9,0,1,1.0999999999999996,1025.3000000000002
2025-09-30,KXHIGHNY-25SEP30-B82.5,between,NO,0.155,0.11432124269196443,0.85,0.0256787573080356,10,8.6,0,1,1.4000000000000004,1026.7000000000003
2025-10-01,KXHIGHNY-25OCT01-B71.5,between,NO,0.075,0.02955406953315562,0.9299999999999999,0.030445930466844413,10,9.399999999999999,0,1,0.6000000000000014,1027.3000000000002
2025-10-03,KXHIGHNY-25OCT03-B74.5,between,NO,0.1,0.04733396039171701,0.92,0.022666039608282958,10,9.3,0,1,0.6999999999999993,1028.0000000000002
2025-10-04,KXHIGHNY-25OCT04-B79.5,between,NO,0.085,0.04743329692619754,0.92,0.02256670307380238,10,9.3,0,1,0.6999999999999993,1028.7000000000003
2025-10-05,KXHIGHNY-25OCT05-B80.5,between,NO,0.135,0.060237950472427575,0.87,0.059762049527572476,10,8.8,0,1,1.1999999999999993,1029.9000000000003
2025-10-06,KXHIGHNY-25OCT06-B77.5,between,NO,0.155,0.10802125744639958,0.85,0.031978742553600455,10,8.6,0,1,1.4000000000000004,1031.3000000000004
2025-10-07,KXHIGHNY-25OCT07-B81.5,between,NO,0.145,0.09177898410569504,0.86,0.03822101589430494,10,8.7,0,1,1.3000000000000007,1032.6000000000004
2025-10-09,KXHIGHNY-25OCT09-B62.5,between,NO,0.125,0.050630662639900514,0.88,0.059369337360099535,10,8.9,0,1,1.0999999999999996,1033.7000000000003
2025-10-10,KXHIGHNY-25OCT10-B64.5,between,NO,0.135,0.06183050847457627,0.87,0.05816949152542373,10,8.8,0,1,1.1999999999999993,1034.9000000000003
2025-10-16,KXHIGHNY-25OCT16-B62.5,between,NO,0.1,0.048055223908559666,0.92,0.021944776091440306,10,9.3,0,1,0.6999999999999993,1035.6000000000004
2025-10-17,KXHIGHNY-25OCT17-B65.5,between,NO,0.065,0.027913919349341232,0.94,0.022086080650658875,10,9.5,0,1,0.5,1036.1000000000004
2025-10-18,KXHIGHNY-25OCT18-B62.5,between,NO,0.075,0.02761712252578763,0.9299999999999999,0.03238287747421243,10,9.399999999999999,0,1,0.6000000000000014,1036.7000000000003
2025-10-19,KXHIGHNY-25OCT19-B74.5,between,NO,0.105,0.04659510751556451,0.9,0.04340489248443547,10,9.1,0,1,0.9000000000000004,1037.6000000000004
2025-10-21,KXHIGHNY-25OCT21-B69.5,between,NO,0.08,0.03974808659855238,0.9299999999999999,0.020251913401447726,10,9.399999999999999,0,1,0.6000000000000014,1038.2000000000003
2025-10-23,KXHIGHNY-25OCT23-T58,below,NO,0.065,0.027621437168871082,0.94,0.02237856283112894,10,9.5,0,1,0.5,1038.7000000000003
2025-10-28,KXHIGHNY-25OCT28-B58.5,between,NO,0.09,0.044957666473725656,0.92,0.02504233352627428,10,9.3,0,1,0.6999999999999993,1039.4000000000003
2025-10-29,KXHIGHNY-25OCT29-B58.5,between,NO,0.065,0.028190385001528213,0.94,0.02180961499847179,10,9.5,0,1,0.5,1039.9000000000003
2025-10-30,KXHIGHNY-25OCT30-B64.5,between,NO,0.105,0.04809662260759388,0.9,0.041903377392406134,10,9.1,0,1,0.9000000000000004,1040.8000000000004
2025-11-01,KXHIGHNY-25NOV01-B53.5,between,NO,0.065,0.029113133009770732,0.94,0.020886866990229354,10,9.5,0,1,0.5,1041.3000000000004
2025-11-01,KXHIGHNY-25NOV01-B59.5,between,NO,0.115,0.04849292005806587,0.89,0.05150707994193416,10,9.0,0,1,1.0,1042.3000000000004
2025-11-02,KXHIGHNY-25NOV02-B61.5,between,NO,0.115,0.04828551138168567,0.89,0.0517144886183143,10,9.0,0,1,1.0,1043.3000000000004
2025-11-04,KXHIGHNY-25NOV04-T58,below,NO,0.105,0.04484995380691656,0.9,0.04515004619308339,10,9.1,0,1,0.9000000000000004,1044.2000000000005
2025-11-11,KXHIGHNY-25NOV11-T41,below,NO,0.115,0.0454136442355597,0.9,0.04458635576444026,10,9.1,0,1,0.9000000000000004,1045.1000000000006
2025-11-13,KXHIGHNY-25NOV13-B48.5,between,NO,0.145,0.09320502862999373,0.86,0.03679497137000632,10,8.7,0,1,1.3000000000000007,1046.4000000000005
2025-11-15,KXHIGHNY-25NOV15-B55.5,between,NO,0.095,0.0491983706115,0.91,0.03080162938849996,10,9.200000000000001,0,1,0.7999999999999989,1047.2000000000005
2025-11-17,KXHIGHNY-25NOV17-B41.5,between,NO,0.135,0.06460946163242659,0.87,0.05539053836757336,10,8.8,0,1,1.1999999999999993,1048.4000000000005
2025-11-17,KXHIGHNY-25NOV17-B47.5,between,NO,0.095,0.04918033646647397,0.91,0.03081966353352595,10,9.200000000000001,0,1,0.7999999999999989,1049.2000000000005
2025-11-19,KXHIGHNY-25NOV19-B49.5,between,NO,0.12,0.048341386304687366,0.91,0.03165861369531265,10,9.200000000000001,0,1,0.7999999999999989,1050.0000000000005
2025-11-19,KXHIGHNY-25NOV19-T45,below,NO,0.12,0.048341386304687366,0.9,0.04165861369531266,10,9.1,0,1,0.9000000000000004,1050.9000000000005
2025-11-25,KXHIGHNY-25NOV25-B52.5,between,NO,0.07,0.027703008981258114,0.94,0.022296991018741948,10,9.5,0,1,0.5,1051.4000000000005
2025-11-28,KXHIGHNY-25NOV28-B45.5,between,NO,0.13,0.05312703886662317,0.89,0.04687296113337681,10,9.0,0,1,1.0,1052.4000000000005
2025-11-29,KXHIGHNY-25NOV29-B45.5,between,NO,0.07,0.028205476115909824,0.94,0.021794523884090207,10,9.5,0,1,0.5,1052.9000000000005
2025-12-01,KXHIGHNY-25DEC01-B44.5,between,NO,0.145,0.10708047282546942,0.86,0.022919527174530614,10,8.7,0,1,1.3000000000000007,1054.2000000000005
2025-12-02,KXHIGHNY-25DEC02-B39.5,between,NO,0.145,0.10503519361032657,0.86,0.024964806389673473,10,8.7,1,0,-8.7,1045.5000000000005
2025-12-02,KXHIGHNY-25DEC02-T39,below,NO,0.075,0.031828846548583804,0.9299999999999999,0.028171153451416305,10,9.399999999999999,0,1,0.6000000000000014,1046.1000000000004
2025-12-04,KXHIGHNY-25DEC04-B37.5,between,NO,0.105,0.04486640366404352,0.9,0.04513359633595649,10,9.1,0,1,0.9000000000000004,1047.0000000000005
2025-12-05,KXHIGHNY-25DEC05-T30,below,NO,0.125,0.049667431525748644,0.88,0.0603325684742514,10,8.9,0,1,1.0999999999999996,1048.1000000000004
2025-12-08,KXHIGHNY-25DEC08-B37.5,between,NO,0.075,0.028723416478049567,0.9299999999999999,0.031276583521950514,10,9.399999999999999,1,0,-9.399999999999999,1038.7000000000003
2025-12-09,KXHIGHNY-25DEC09-B38.5,between,NO,0.075,0.02843178226936146,0.94,0.021568217730638557,10,9.5,0,1,0.5,1039.2000000000003
2025-12-09,KXHIGHNY-25DEC09-T32,below,NO,0.135,0.06221542943648508,0.87,0.05778457056351494,10,8.8,0,1,1.1999999999999993,1040.4000000000003
2025-12-09,KXHIGHNY-25DEC09-T39,above,NO,0.12,0.04735801345165282,0.89,0.05264198654834718,10,9.0,0,1,1.0,1041.4000000000003
2025-12-10,KXHIGHNY-25DEC10-B40.5,between,NO,0.115,0.04856991255852046,0.91,0.031430087441479466,10,9.200000000000001,0,1,0.7999999999999989,1042.2000000000003
2025-12-11,KXHIGHNY-25DEC11-B42.5,between,NO,0.135,0.06625588020936858,0.9,0.02374411979063141,10,9.1,0,1,0.9000000000000004,1043.1000000000004
2025-12-13,KXHIGHNY-25DEC13-B42.5,between,NO,0.145,0.09123813200959625,0.86,0.038761867990403716,10,8.7,0,1,1.3000000000000007,1044.4000000000003
2025-12-15,KXHIGHNY-25DEC15-B26.5,between,NO,0.145,0.09043455872236666,0.87,0.029565441277633282,10,8.8,0,1,1.1999999999999993,1045.6000000000004
2025-12-16,KXHIGHNY-25DEC16-B34.5,between,NO,0.125,0.054438235345977026,0.88,0.05556176465402297,10,8.9,0,1,1.0999999999999996,1046.7000000000003
2025-12-19,KXHIGHNY-25DEC19-T54,below,NO,0.13,0.05018248175182482,0.88,0.05981751824817517,10,8.9,0,1,1.0999999999999996,1047.8000000000002
2025-12-23,KXHIGHNY-25DEC23-B42.5,between,NO,0.07,0.028098108171378543,0.94,0.021901891828621463,10,9.5,0,1,0.5,1048.3000000000002
2025-12-24,KXHIGHNY-25DEC24-B40.5,between,NO,0.075,0.027904308811074488,0.9299999999999999,0.03209569118892553,10,9.399999999999999,0,1,0.6000000000000014,1048.9
2025-12-24,KXHIGHNY-25DEC24-B46.5,between,NO,0.11,0.04647941587038676,0.92,0.023520584129613227,10,9.3,1,0,-9.3,1039.6000000000001
2025-12-26,KXHIGHNY-25DEC26-B33.5,between,NO,0.09,0.04527315177742262,0.92,0.02472684822257732,10,9.3,0,1,0.6999999999999993,1040.3000000000002
2025-12-27,KXHIGHNY-25DEC27-B35.5,between,NO,0.11,0.053399892730787074,0.9,0.03660010726921293,10,9.1,0,1,0.9000000000000004,1041.2000000000003
2025-12-29,KXHIGHNY-25DEC29-B46.5,between,NO,0.125,0.05420020164287346,0.88,0.05579979835712657,10,8.9,0,1,1.0999999999999996,1042.3000000000002
2026-05-03,KXHIGHNY-26MAY03-T59,below,NO,0.145,0.09930396945048796,0.86,0.030696030549512095,10,8.7,0,1,1.3000000000000007,1043.6000000000001
2026-05-05,KXHIGHNY-26MAY05-T84,above,NO,0.105,0.05926874840387457,0.9,0.03073125159612545,10,9.1,0,1,0.9000000000000004,1044.5000000000002
2026-05-06,KXHIGHNY-26MAY06-B73.5,between,NO,0.085,0.04459399918521071,0.92,0.025406000814789283,10,9.3,0,1,0.6999999999999993,1045.2000000000003
2026-05-08,KXHIGHNY-26MAY08-B66.5,between,NO,0.095,0.055852543586244356,0.91,0.024147456413755604,10,9.200000000000001,0,1,0.7999999999999989,1046.0000000000002
2026-05-09,KXHIGHNY-26MAY09-B67.5,between,NO,0.125,0.0603125459443368,0.88,0.04968745405566322,10,8.9,0,1,1.0999999999999996,1047.1000000000001
2026-05-10,KXHIGHNY-26MAY10-T72,below,NO,0.085,0.04346444558959356,0.92,0.026535554410406344,10,9.3,0,1,0.6999999999999993,1047.8000000000002
2026-05-11,KXHIGHNY-26MAY11-B66.5,between,NO,0.125,0.057708238771534574,0.88,0.05229176122846547,10,8.9,0,1,1.0999999999999996,1048.9
2026-05-11,KXHIGHNY-26MAY11-T62,below,NO,0.065,0.025035864284798086,0.94,0.02496413571520196,10,9.5,1,0,-9.5,1039.4
2026-05-12,KXHIGHNY-26MAY12-B68.5,between,NO,0.14,0.09642877073423739,0.87,0.023571229265762612,10,8.8,0,1,1.1999999999999993,1040.6000000000001
2026-05-13,KXHIGHNY-26MAY13-T73,above,NO,0.075,0.023703932835494705,0.9299999999999999,0.036296067164505404,10,9.399999999999999,0,1,0.6000000000000014,1041.2
2026-05-14,KXHIGHNY-26MAY14-B67.5,between,NO,0.135,0.07688989513241877,0.87,0.043110104867581274,10,8.8,0,1,1.1999999999999993,1042.4
2026-05-16,KXHIGHNY-26MAY16-B76.5,between,NO,0.065,0.025227913588358648,0.94,0.02477208641164142,10,9.5,0,1,0.5,1042.9
2026-05-16,KXHIGHNY-26MAY16-B82.5,between,NO,0.095,0.05815091680092897,0.91,0.02184908319907098,10,9.200000000000001,0,1,0.7999999999999989,1043.7
2026-05-18,KXHIGHNY-26MAY18-B83.5,between,NO,0.135,0.07486746865123865,0.87,0.04513253134876139,10,8.8,0,1,1.1999999999999993,1044.9
2026-05-20,KXHIGHNY-26MAY20-B89.5,between,NO,0.145,0.09559491286981628,0.86,0.03440508713018376,10,8.7,0,1,1.3000000000000007,1046.2
2026-05-21,KXHIGHNY-26MAY21-B68.5,between,NO,0.075,0.025780310578509803,0.9299999999999999,0.034219689421490236,10,9.399999999999999,0,1,0.6000000000000014,1046.8
2026-05-23,KXHIGHNY-26MAY23-B60.5,between,NO,0.065,0.02487330583815494,0.94,0.025126694161845105,10,9.5,0,1,0.5,1047.3
2026-05-27,KXHIGHNY-26MAY27-B81.5,between,NO,0.145,0.09584075589400257,0.86,0.03415924410599747,10,8.7,1,0,-8.7,1038.6
2026-05-28,KXHIGHNY-26MAY28-B78.5,between,NO,0.075,0.024107097885315114,0.9299999999999999,0.035892902114684995,10,9.399999999999999,0,1,0.6000000000000014,1039.1999999999998
2026-05-30,KXHIGHNY-26MAY30-B70.5,between,NO,0.105,0.05744897812630158,0.9,0.03255102187369841,10,9.1,0,1,0.9000000000000004,1040.1
2026-06-01,KXHIGHNY-26JUN01-B74.5,between,NO,0.105,0.05761434815691007,0.9,0.03238565184308995,10,9.1,0,1,0.9000000000000004,1041.0
2026-06-05,KXHIGHNY-26JUN05-T92,above,NO,0.065,0.024921605642845394,0.94,0.02507839435715465,10,9.5,0,1,0.5,1041.5
2026-06-06,KXHIGHNY-26JUN06-B87.5,between,NO,0.12,0.059849909349490985,0.89,0.040150090650509014,10,9.0,1,0,-9.0,1032.5
2026-06-08,KXHIGHNY-26JUN08-B78.5,between,NO,0.105,0.059916841713416345,0.9,0.030083158286583596,10,9.1,0,1,0.9000000000000004,1033.4
2026-06-10,KXHIGHNY-26JUN10-B77.5,between,NO,0.135,0.07460902328310225,0.87,0.04539097671689774,10,8.8,0,1,1.1999999999999993,1034.6000000000001
2026-06-11,KXHIGHNY-26JUN11-B90.5,between,NO,0.075,0.023660233455165016,0.9299999999999999,0.03633976654483507,10,9.399999999999999,1,0,-9.399999999999999,1025.2
2026-06-12,KXHIGHNY-26JUN12-B96.5,between,NO,0.065,0.02416671960764965,0.94,0.02583328039235045,10,9.5,0,1,0.5,1025.7
2026-06-15,KXHIGHNY-26JUN15-B80.5,between,NO,0.115,0.0570148586669924,0.9,0.03298514133300757,10,9.1,0,1,0.9000000000000004,1026.6000000000001
2026-06-18,KXHIGHNY-26JUN18-B83.5,between,NO,0.065,0.02525302033034876,0.94,0.024746979669651344,10,9.5,0,1,0.5,1027.1000000000001
2026-06-18,KXHIGHNY-26JUN18-T90,above,NO,0.085,0.04488635444633822,0.92,0.025113645553661697,10,9.3,0,1,0.6999999999999993,1027.8000000000002
2026-06-20,KXHIGHNY-26JUN20-B84.5,between,NO,0.065,0.024213153230518904,0.94,0.025786846769481182,10,9.5,0,1,0.5,1028.3000000000002
2026-06-21,KXHIGHNY-26JUN21-B84.5,between,NO,0.07,0.02582300754979843,0.94,0.02417699245020167,10,9.5,0,1,0.5,1028.8000000000002
2026-06-21,KXHIGHNY-26JUN21-T80,below,NO,0.115,0.05952262196866779,0.89,0.04047737803133223,10,9.0,0,1,1.0,1029.8000000000002
2026-06-22,KXHIGHNY-26JUN22-B72.5,between,NO,0.13,0.061658326652225946,0.9,0.02834167334777405,10,9.1,1,0,-9.1,1020.7000000000002
2026-06-24,KXHIGHNY-26JUN24-B84.5,between,NO,0.075,0.023969012860174367,0.9299999999999999,0.03603098713982567,10,9.399999999999999,0,1,0.6000000000000014,1021.3000000000002
2026-06-27,KXHIGHNY-26JUN27-T76,below,NO,0.085,0.04478035711223227,0.92,0.025219642887767686,10,9.3,0,1,0.6999999999999993,1022.0000000000002
2026-06-28,KXHIGHNY-26JUN28-B77.5,between,NO,0.065,0.024026226415319398,0.94,0.025973773584680677,10,9.5,0,1,0.5,1022.5000000000002
2026-07-01,KXHIGHNY-26JUL01-B96.5,between,NO,0.135,0.07836208721045813,0.87,0.04163791278954188,10,8.8,0,1,1.1999999999999993,1023.7000000000003
2026-07-01,KXHIGHNY-26JUL01-T92,below,NO,0.075,0.026079300022497955,0.9299999999999999,0.03392069997750214,10,9.399999999999999,0,1,0.6000000000000014,1024.3000000000002
2026-07-03,KXHIGHNY-26JUL03-B102.5,between,NO,0.125,0.06125649975328326,0.88,0.048743500246716705,10,8.9,0,1,1.0999999999999996,1025.4
2026-07-04,KXHIGHNY-26JUL04-B98.5,between,NO,0.085,0.04376006326277515,0.92,0.026239936737224807,10,9.3,0,1,0.6999999999999993,1026.1000000000001
2026-07-05,KXHIGHNY-26JUL05-B86.5,between,NO,0.065,0.024496644341942306,0.94,0.02550335565805773,10,9.5,0,1,0.5,1026.6000000000001
2026-07-06,KXHIGHNY-26JUL06-B75.5,between,NO,0.105,0.057189999780974464,0.9,0.03281000021902548,10,9.1,0,1,0.9000000000000004,1027.5000000000002
2026-07-07,KXHIGHNY-26JUL07-B75.5,between,NO,0.075,0.025099797506938578,0.9299999999999999,0.03490020249306148,10,9.399999999999999,0,1,0.6000000000000014,1028.1000000000001
