date,ticker,bucket,threshold_low,threshold_high,direction,strike_type,presettlement_prob,bid_cents,ask_cents,volume,open_interest,snapshot_time_utc,result,actual_outcome
2026-05-03,KXHIGHNY-26MAY03-T66,Above 67F,67.0,,above,greater,0.025,2.0,3.0,521.79,4223.88,2026-05-03 05:00:00 UTC,no,0
2026-05-03,KXHIGHNY-26MAY03-T59,Below 58F,,58.0,below,less,0.145,14.000000000000002,15.0,496.16,3646.64,2026-05-03 05:00:00 UTC,no,0
2026-05-03,KXHIGHNY-26MAY03-B65.5,65-66F,65.0,66.0,between,between,0.025,2.0,3.0,372.64,2380.0,2026-05-03 05:00:00 UTC,no,0
2026-05-03,KXHIGHNY-26MAY03-B63.5,63-64F,63.0,64.0,between,between,0.04,3.0,5.0,263.81,2044.41,2026-05-03 05:00:00 UTC,no,0
2026-05-03,KXHIGHNY-26MAY03-B61.5,61-62F,61.0,62.0,between,between,0.285,27.0,30.0,810.23,3705.17,2026-05-03 05:00:00 UTC,no,0
2026-05-03,KXHIGHNY-26MAY03-B59.5,59-60F,59.0,60.0,between,between,0.495,49.0,50.0,273.57,4385.38,2026-05-03 05:00:00 UTC,yes,1
2026-05-04,KXHIGHNY-26MAY04-T77,Above 78F,78.0,,above,greater,0.025,2.0,3.0,7.0,2147.73,2026-05-04 05:00:00 UTC,no,0
2026-05-04,KXHIGHNY-26MAY04-T70,Below 69F,,69.0,below,less,0.035,3.0,4.0,3707.0,7466.45,2026-05-04 05:00:00 UTC,no,0
2026-05-04,KXHIGHNY-26MAY04-B76.5,76-77F,76.0,77.0,between,between,0.025,2.0,3.0,250.0,1236.94,2026-05-04 05:00:00 UTC,no,0
2026-05-04,KXHIGHNY-26MAY04-B74.5,74-75F,74.0,75.0,between,between,0.185,18.0,19.0,464.52,5151.26,2026-05-04 05:00:00 UTC,no,0
2026-05-04,KXHIGHNY-26MAY04-B72.5,72-73F,72.0,73.0,between,between,0.57,55.00000000000001,59.0,1271.56,4951.2,2026-05-04 05:00:00 UTC,yes,1
2026-05-04,KXHIGHNY-26MAY04-B70.5,70-71F,70.0,71.0,between,between,0.205,20.0,21.0,6.86,2967.53,2026-05-04 05:00:00 UTC,no,0
2026-05-05,KXHIGHNY-26MAY05-T84,Above 85F,85.0,,above,greater,0.105,10.0,11.0,194.03,3059.56,2026-05-05 05:00:00 UTC,no,0
2026-05-05,KXHIGHNY-26MAY05-T77,Below 76F,,76.0,below,less,0.005,0.0,1.0,160.5,5239.79,2026-05-05 05:00:00 UTC,no,0
2026-05-05,KXHIGHNY-26MAY05-B83.5,83-84F,83.0,84.0,between,between,0.35,33.0,37.0,170.84,4753.21,2026-05-05 05:00:00 UTC,no,0
2026-05-05,KXHIGHNY-26MAY05-B81.5,81-82F,81.0,82.0,between,between,0.485,47.0,50.0,1431.61,5974.99,2026-05-05 05:00:00 UTC,yes,1
2026-05-05,KXHIGHNY-26MAY05-B79.5,79-80F,79.0,80.0,between,between,0.06,5.0,7.000000000000001,406.16,2680.3,2026-05-05 05:00:00 UTC,no,0
2026-05-05,KXHIGHNY-26MAY05-B77.5,77-78F,77.0,78.0,between,between,0.035,3.0,4.0,151.0,3349.71,2026-05-05 05:00:00 UTC,no,0
2026-05-06,KXHIGHNY-26MAY06-T74,Above 75F,75.0,,above,greater,0.025,2.0,3.0,113.29,7139.52,2026-05-06 05:00:00 UTC,no,0
2026-05-06,KXHIGHNY-26MAY06-T67,Below 66F,,66.0,below,less,0.01,0.0,2.0,2165.11,6308.69,2026-05-06 05:00:00 UTC,no,0
2026-05-06,KXHIGHNY-26MAY06-B73.5,73-74F,73.0,74.0,between,between,0.085,8.0,9.0,470.08,4608.31,2026-05-06 05:00:00 UTC,no,0
2026-05-06,KXHIGHNY-26MAY06-B71.5,71-72F,71.0,72.0,between,between,0.325,30.0,35.0,200.21,5038.84,2026-05-06 05:00:00 UTC,yes,1
2026-05-06,KXHIGHNY-26MAY06-B69.5,69-70F,69.0,70.0,between,between,0.35,30.0,40.0,1723.75,8575.65,2026-05-06 05:00:00 UTC,no,0
2026-05-06,KXHIGHNY-26MAY06-B67.5,67-68F,67.0,68.0,between,between,0.215,20.0,23.0,661.99,7118.11,2026-05-06 05:00:00 UTC,no,0
2026-05-07,KXHIGHNY-26MAY07-T71,Above 72F,72.0,,above,greater,0.005,0.0,1.0,51.43,2467.09,2026-05-07 05:00:00 UTC,no,0
2026-05-07,KXHIGHNY-26MAY07-T64,Below 63F,,63.0,below,less,0.215,20.0,23.0,730.28,9785.89,2026-05-07 05:00:00 UTC,no,0
2026-05-07,KXHIGHNY-26MAY07-B70.5,70-71F,70.0,71.0,between,between,0.015,1.0,2.0,168.21,2105.25,2026-05-07 05:00:00 UTC,no,0
2026-05-07,KXHIGHNY-26MAY07-B68.5,68-69F,68.0,69.0,between,between,0.025,2.0,3.0,65.6,2659.28,2026-05-07 05:00:00 UTC,no,0
2026-05-07,KXHIGHNY-26MAY07-B66.5,66-67F,66.0,67.0,between,between,0.26,25.0,27.0,925.48,5423.64,2026-05-07 05:00:00 UTC,no,0
2026-05-07,KXHIGHNY-26MAY07-B64.5,64-65F,64.0,65.0,between,between,0.535,52.0,55.00000000000001,966.5,5450.29,2026-05-07 05:00:00 UTC,yes,1
2026-05-08,KXHIGHNY-26MAY08-T71,Above 72F,72.0,,above,greater,0.005,0.0,1.0,0.0,1598.13,2026-05-08 05:00:00 UTC,no,0
2026-05-08,KXHIGHNY-26MAY08-T64,Below 63F,,63.0,below,less,0.36,35.0,37.0,845.46,4972.75,2026-05-08 05:00:00 UTC,yes,1
2026-05-08,KXHIGHNY-26MAY08-B70.5,70-71F,70.0,71.0,between,between,0.015,1.0,2.0,0.0,412.79,2026-05-08 05:00:00 UTC,no,0
2026-05-08,KXHIGHNY-26MAY08-B68.5,68-69F,68.0,69.0,between,between,0.025,2.0,3.0,967.79,2026.58,2026-05-08 05:00:00 UTC,no,0
2026-05-08,KXHIGHNY-26MAY08-B66.5,66-67F,66.0,67.0,between,between,0.095,9.0,10.0,1773.16,2936.74,2026-05-08 05:00:00 UTC,no,0
2026-05-08,KXHIGHNY-26MAY08-B64.5,64-65F,64.0,65.0,between,between,0.55,54.0,56.00000000000001,630.72,5532.85,2026-05-08 05:00:00 UTC,no,0
2026-05-09,KXHIGHNY-26MAY09-T68,Above 69F,69.0,,above,greater,0.04,3.0,5.0,1082.0,8309.51,2026-05-09 05:00:00 UTC,no,0
2026-05-09,KXHIGHNY-26MAY09-T61,Below 60F,,60.0,below,less,0.045,4.0,5.0,0.0,4606.37,2026-05-09 05:00:00 UTC,no,0
2026-05-09,KXHIGHNY-26MAY09-B67.5,67-68F,67.0,68.0,between,between,0.125,12.0,13.0,413.49,8110.96,2026-05-09 05:00:00 UTC,no,0
2026-05-09,KXHIGHNY-26MAY09-B65.5,65-66F,65.0,66.0,between,between,0.19,18.0,20.0,2067.89,7642.02,2026-05-09 05:00:00 UTC,yes,1
2026-05-09,KXHIGHNY-26MAY09-B63.5,63-64F,63.0,64.0,between,between,0.405,39.0,42.0,1689.46,7058.4,2026-05-09 05:00:00 UTC,no,0
2026-05-09,KXHIGHNY-26MAY09-B61.5,61-62F,61.0,62.0,between,between,0.225,21.0,24.0,270.91,6329.63,2026-05-09 05:00:00 UTC,no,0
2026-05-10,KXHIGHNY-26MAY10-T79,Above 80F,80.0,,above,greater,0.025,2.0,3.0,721.51,1741.39,2026-05-10 05:00:00 UTC,no,0
2026-05-10,KXHIGHNY-26MAY10-T72,Below 71F,,71.0,below,less,0.085,8.0,9.0,662.91,9066.18,2026-05-10 05:00:00 UTC,no,0
2026-05-10,KXHIGHNY-26MAY10-B78.5,78-79F,78.0,79.0,between,between,0.025,2.0,3.0,30.0,919.26,2026-05-10 05:00:00 UTC,no,0
2026-05-10,KXHIGHNY-26MAY10-B76.5,76-77F,76.0,77.0,between,between,0.295,28.999999999999996,30.0,856.61,3050.28,2026-05-10 05:00:00 UTC,no,0
2026-05-10,KXHIGHNY-26MAY10-B74.5,74-75F,74.0,75.0,between,between,0.39,38.0,40.0,477.81,3817.98,2026-05-10 05:00:00 UTC,no,0
2026-05-10,KXHIGHNY-26MAY10-B72.5,72-73F,72.0,73.0,between,between,0.225,22.0,23.0,123.38,4157.12,2026-05-10 05:00:00 UTC,yes,1
2026-05-11,KXHIGHNY-26MAY11-T69,Above 70F,70.0,,above,greater,0.005,0.0,1.0,0.0,2887.0,2026-05-11 05:00:00 UTC,no,0
2026-05-11,KXHIGHNY-26MAY11-T62,Below 61F,,61.0,below,less,0.065,6.0,7.000000000000001,470.52,6360.02,2026-05-11 05:00:00 UTC,yes,1
2026-05-11,KXHIGHNY-26MAY11-B68.5,68-69F,68.0,69.0,between,between,0.025,2.0,3.0,47.25,2392.67,2026-05-11 05:00:00 UTC,no,0
2026-05-11,KXHIGHNY-26MAY11-B66.5,66-67F,66.0,67.0,between,between,0.125,12.0,13.0,369.57,3857.2,2026-05-11 05:00:00 UTC,no,0
2026-05-11,KXHIGHNY-26MAY11-B64.5,64-65F,64.0,65.0,between,between,0.375,37.0,38.0,186.87,4318.45,2026-05-11 05:00:00 UTC,no,0
2026-05-11,KXHIGHNY-26MAY11-B62.5,62-63F,62.0,63.0,between,between,0.485,47.0,50.0,296.39,6197.57,2026-05-11 05:00:00 UTC,no,0
2026-05-12,KXHIGHNY-26MAY12-T73,Above 74F,74.0,,above,greater,0.005,0.0,1.0,0.0,1419.0,2026-05-12 05:00:00 UTC,no,0
2026-05-12,KXHIGHNY-26MAY12-T66,Below 65F,,65.0,below,less,0.305,30.0,31.0,517.22,5681.69,2026-05-12 05:00:00 UTC,no,0
2026-05-12,KXHIGHNY-26MAY12-B72.5,72-73F,72.0,73.0,between,between,0.015,1.0,2.0,0.0,1046.0,2026-05-12 05:00:00 UTC,no,0
2026-05-12,KXHIGHNY-26MAY12-B70.5,70-71F,70.0,71.0,between,between,0.015,1.0,2.0,0.0,539.23,2026-05-12 05:00:00 UTC,no,0
2026-05-12,KXHIGHNY-26MAY12-B68.5,68-69F,68.0,69.0,between,between,0.14,13.0,15.0,406.21,4408.05,2026-05-12 05:00:00 UTC,no,0
2026-05-12,KXHIGHNY-26MAY12-B66.5,66-67F,66.0,67.0,between,between,0.52,51.0,53.0,317.11,3195.44,2026-05-12 05:00:00 UTC,yes,1
2026-05-13,KXHIGHNY-26MAY13-T73,Above 74F,74.0,,above,greater,0.075,7.000000000000001,8.0,59.0,2489.09,2026-05-13 05:00:00 UTC,no,0
2026-05-13,KXHIGHNY-26MAY13-T66,Below 65F,,65.0,below,less,0.015,1.0,2.0,38.0,3932.84,2026-05-13 05:00:00 UTC,no,0
2026-05-13,KXHIGHNY-26MAY13-B72.5,72-73F,72.0,73.0,between,between,0.26,25.0,27.0,307.11,5592.09,2026-05-13 05:00:00 UTC,yes,1
2026-05-13,KXHIGHNY-26MAY13-B70.5,70-71F,70.0,71.0,between,between,0.445,44.0,45.0,952.39,4797.23,2026-05-13 05:00:00 UTC,no,0
2026-05-13,KXHIGHNY-26MAY13-B68.5,68-69F,68.0,69.0,between,between,0.245,24.0,25.0,477.1,3438.51,2026-05-13 05:00:00 UTC,no,0
2026-05-13,KXHIGHNY-26MAY13-B66.5,66-67F,66.0,67.0,between,between,0.055,5.0,6.0,182.92,2759.27,2026-05-13 05:00:00 UTC,no,0
2026-05-14,KXHIGHNY-26MAY14-T70,Above 71F,71.0,,above,greater,0.055,5.0,6.0,709.73,2548.41,2026-05-14 05:00:00 UTC,no,0
2026-05-14,KXHIGHNY-26MAY14-T63,Below 62F,,62.0,below,less,0.215,21.0,22.0,792.11,5519.37,2026-05-14 05:00:00 UTC,no,0
2026-05-14,KXHIGHNY-26MAY14-B69.5,69-70F,69.0,70.0,between,between,0.06,5.0,7.000000000000001,540.02,1575.96,2026-05-14 05:00:00 UTC,no,0
2026-05-14,KXHIGHNY-26MAY14-B67.5,67-68F,67.0,68.0,between,between,0.135,13.0,14.000000000000002,661.41,2836.9,2026-05-14 05:00:00 UTC,no,0
2026-05-14,KXHIGHNY-26MAY14-B65.5,65-66F,65.0,66.0,between,between,0.275,27.0,28.000000000000004,811.12,4710.65,2026-05-14 05:00:00 UTC,yes,1
2026-05-14,KXHIGHNY-26MAY14-B63.5,63-64F,63.0,64.0,between,between,0.32,31.0,33.0,436.54,5616.91,2026-05-14 05:00:00 UTC,no,0
2026-05-15,KXHIGHNY-26MAY15-T72,Above 73F,73.0,,above,greater,0.005,0.0,1.0,0.0,1892.0,2026-05-15 05:00:00 UTC,no,0
2026-05-15,KXHIGHNY-26MAY15-T65,Below 64F,,64.0,below,less,0.035,3.0,4.0,0.0,2473.12,2026-05-15 05:00:00 UTC,no,0
2026-05-15,KXHIGHNY-26MAY15-B71.5,71-72F,71.0,72.0,between,between,0.025,2.0,3.0,634.43,2037.25,2026-05-15 05:00:00 UTC,no,0
2026-05-15,KXHIGHNY-26MAY15-B69.5,69-70F,69.0,70.0,between,between,0.215,21.0,22.0,619.51,2984.65,2026-05-15 05:00:00 UTC,no,0
2026-05-15,KXHIGHNY-26MAY15-B67.5,67-68F,67.0,68.0,between,between,0.54,53.0,55.00000000000001,1091.09,4886.32,2026-05-15 05:00:00 UTC,no,0
2026-05-15,KXHIGHNY-26MAY15-B65.5,65-66F,65.0,66.0,between,between,0.235,23.0,24.0,279.76,3412.34,2026-05-15 05:00:00 UTC,yes,1
2026-05-16,KXHIGHNY-26MAY16-T83,Above 84F,84.0,,above,greater,0.045,4.0,5.0,170.0,930.38,2026-05-16 05:00:00 UTC,no,0
2026-05-16,KXHIGHNY-26MAY16-T76,Below 75F,,75.0,below,less,0.025,2.0,3.0,153.0,4884.88,2026-05-16 05:00:00 UTC,no,0
2026-05-16,KXHIGHNY-26MAY16-B82.5,82-83F,82.0,83.0,between,between,0.095,9.0,10.0,649.13,2461.3,2026-05-16 05:00:00 UTC,no,0
2026-05-16,KXHIGHNY-26MAY16-B80.5,80-81F,80.0,81.0,between,between,0.445,42.0,47.0,532.96,4118.05,2026-05-16 05:00:00 UTC,yes,1
2026-05-16,KXHIGHNY-26MAY16-B78.5,78-79F,78.0,79.0,between,between,0.385,37.0,40.0,105.87,3577.07,2026-05-16 05:00:00 UTC,no,0
2026-05-16,KXHIGHNY-26MAY16-B76.5,76-77F,76.0,77.0,between,between,0.065,6.0,7.000000000000001,96.06,2588.07,2026-05-16 05:00:00 UTC,no,0
2026-05-17,KXHIGHNY-26MAY17-T90,Above 91F,91.0,,above,greater,0.06,5.0,7.000000000000001,236.13,2956.66,2026-05-17 05:00:00 UTC,no,0
2026-05-17,KXHIGHNY-26MAY17-T83,Below 82F,,82.0,below,less,0.015,1.0,2.0,105.0,4544.97,2026-05-17 05:00:00 UTC,no,0
2026-05-17,KXHIGHNY-26MAY17-B89.5,89-90F,89.0,90.0,between,between,0.335,33.0,34.0,119.09,6935.77,2026-05-17 05:00:00 UTC,no,0
2026-05-17,KXHIGHNY-26MAY17-B87.5,87-88F,87.0,88.0,between,between,0.41,40.0,42.0,426.32,6297.44,2026-05-17 05:00:00 UTC,yes,1
2026-05-17,KXHIGHNY-26MAY17-B85.5,85-86F,85.0,86.0,between,between,0.18,17.0,19.0,125.28,3881.9,2026-05-17 05:00:00 UTC,no,0
2026-05-17,KXHIGHNY-26MAY17-B83.5,83-84F,83.0,84.0,between,between,0.025,2.0,3.0,10.0,3476.31,2026-05-17 05:00:00 UTC,no,0
2026-05-18,KXHIGHNY-26MAY18-T84,Above 85F,85.0,,above,greater,0.87,86.0,88.0,1811.1,9550.61,2026-05-18 05:00:00 UTC,yes,1
2026-05-18,KXHIGHNY-26MAY18-T77,Below 76F,,76.0,below,less,0.005,0.0,1.0,0.0,2393.36,2026-05-18 05:00:00 UTC,no,0
2026-05-18,KXHIGHNY-26MAY18-B83.5,83-84F,83.0,84.0,between,between,0.135,13.0,14.000000000000002,531.74,4105.46,2026-05-18 05:00:00 UTC,no,0
2026-05-18,KXHIGHNY-26MAY18-B81.5,81-82F,81.0,82.0,between,between,0.015,1.0,2.0,276.96,3234.95,2026-05-18 05:00:00 UTC,no,0
2026-05-18,KXHIGHNY-26MAY18-B79.5,79-80F,79.0,80.0,between,between,0.015,1.0,2.0,120.9,2240.85,2026-05-18 05:00:00 UTC,no,0
2026-05-18,KXHIGHNY-26MAY18-B77.5,77-78F,77.0,78.0,between,between,0.005,0.0,1.0,0.0,2404.58,2026-05-18 05:00:00 UTC,no,0
2026-05-19,KXHIGHNY-26MAY19-T96,Above 97F,97.0,,above,greater,0.185,18.0,19.0,381.67,5929.1,2026-05-19 05:00:00 UTC,no,0
2026-05-19,KXHIGHNY-26MAY19-T89,Below 88F,,88.0,below,less,0.005,0.0,1.0,33.0,3661.0,2026-05-19 05:00:00 UTC,no,0
2026-05-19,KXHIGHNY-26MAY19-B95.5,95-96F,95.0,96.0,between,between,0.425,41.0,44.0,147.56,7117.09,2026-05-19 05:00:00 UTC,no,0
2026-05-19,KXHIGHNY-26MAY19-B93.5,93-94F,93.0,94.0,between,between,0.39,38.0,40.0,1140.36,5567.77,2026-05-19 05:00:00 UTC,yes,1
2026-05-19,KXHIGHNY-26MAY19-B91.5,91-92F,91.0,92.0,between,between,0.045,4.0,5.0,151.13,3656.72,2026-05-19 05:00:00 UTC,no,0
2026-05-19,KXHIGHNY-26MAY19-B89.5,89-90F,89.0,90.0,between,between,0.015,1.0,2.0,37.37,3120.64,2026-05-19 05:00:00 UTC,no,0
2026-05-20,KXHIGHNY-26MAY20-T96,Above 97F,97.0,,above,greater,0.005,0.0,1.0,976.0,1996.8,2026-05-20 05:00:00 UTC,no,0
2026-05-20,KXHIGHNY-26MAY20-T89,Below 88F,,88.0,below,less,0.035,3.0,4.0,164.35,4740.33,2026-05-20 05:00:00 UTC,no,0
2026-05-20,KXHIGHNY-26MAY20-B95.5,95-96F,95.0,96.0,between,between,0.045,4.0,5.0,22.0,1384.33,2026-05-20 05:00:00 UTC,no,0
2026-05-20,KXHIGHNY-26MAY20-B93.5,93-94F,93.0,94.0,between,between,0.345,34.0,35.0,49.47,4874.55,2026-05-20 05:00:00 UTC,no,0
2026-05-20,KXHIGHNY-26MAY20-B91.5,91-92F,91.0,92.0,between,between,0.465,46.0,47.0,191.17,4832.35,2026-05-20 05:00:00 UTC,yes,1
2026-05-20,KXHIGHNY-26MAY20-B89.5,89-90F,89.0,90.0,between,between,0.145,14.000000000000002,15.0,113.0,5226.26,2026-05-20 05:00:00 UTC,no,0
2026-05-21,KXHIGHNY-26MAY21-T75,Above 76F,76.0,,above,greater,0.005,0.0,1.0,10.0,4198.78,2026-05-21 05:00:00 UTC,no,0
2026-05-21,KXHIGHNY-26MAY21-T68,Below 67F,,67.0,below,less,0.89,88.0,90.0,2140.29,10095.64,2026-05-21 05:00:00 UTC,yes,1
2026-05-21,KXHIGHNY-26MAY21-B74.5,74-75F,74.0,75.0,between,between,0.005,0.0,1.0,6.0,2551.34,2026-05-21 05:00:00 UTC,no,0
2026-05-21,KXHIGHNY-26MAY21-B72.5,72-73F,72.0,73.0,between,between,0.005,0.0,1.0,6.0,3656.85,2026-05-21 05:00:00 UTC,no,0
2026-05-21,KXHIGHNY-26MAY21-B70.5,70-71F,70.0,71.0,between,between,0.015,1.0,2.0,324.02,2999.27,2026-05-21 05:00:00 UTC,no,0
2026-05-21,KXHIGHNY-26MAY21-B68.5,68-69F,68.0,69.0,between,between,0.075,7.000000000000001,8.0,799.36,6176.34,2026-05-21 05:00:00 UTC,no,0
2026-05-22,KXHIGHNY-26MAY22-T70,Above 71F,71.0,,above,greater,0.015,1.0,2.0,50.22,2306.57,2026-05-22 05:00:00 UTC,no,0
2026-05-22,KXHIGHNY-26MAY22-T63,Below 62F,,62.0,below,less,0.015,1.0,2.0,345.0,2541.41,2026-05-22 05:00:00 UTC,no,0
2026-05-22,KXHIGHNY-26MAY22-B69.5,69-70F,69.0,70.0,between,between,0.025,2.0,3.0,51.22,2527.25,2026-05-22 05:00:00 UTC,no,0
2026-05-22,KXHIGHNY-26MAY22-B67.5,67-68F,67.0,68.0,between,between,0.235,23.0,24.0,203.65,3073.2,2026-05-22 05:00:00 UTC,yes,1
2026-05-22,KXHIGHNY-26MAY22-B65.5,65-66F,65.0,66.0,between,between,0.49,47.0,51.0,277.17,4324.01,2026-05-22 05:00:00 UTC,no,0
2026-05-22,KXHIGHNY-26MAY22-B63.5,63-64F,63.0,64.0,between,between,0.285,28.000000000000004,28.999999999999996,291.99,1943.49,2026-05-22 05:00:00 UTC,no,0
2026-05-23,KXHIGHNY-26MAY23-T61,Above 62F,62.0,,above,greater,0.025,2.0,3.0,819.66,5457.74,2026-05-23 05:00:00 UTC,no,0
2026-05-23,KXHIGHNY-26MAY23-T54,Below 53F,,53.0,below,less,0.005,0.0,1.0,1.0,2532.24,2026-05-23 05:00:00 UTC,no,0
2026-05-23,KXHIGHNY-26MAY23-B60.5,60-61F,60.0,61.0,between,between,0.065,6.0,7.000000000000001,39.23,2989.63,2026-05-23 05:00:00 UTC,no,0
2026-05-23,KXHIGHNY-26MAY23-B58.5,58-59F,58.0,59.0,between,between,0.225,22.0,23.0,294.79,2685.07,2026-05-23 05:00:00 UTC,no,0
2026-05-23,KXHIGHNY-26MAY23-B56.5,56-57F,56.0,57.0,between,between,0.695,69.0,70.0,655.17,4713.32,2026-05-23 05:00:00 UTC,yes,1
2026-05-23,KXHIGHNY-26MAY23-B54.5,54-55F,54.0,55.0,between,between,0.005,0.0,1.0,2373.3,4040.81,2026-05-23 05:00:00 UTC,no,0
2026-05-24,KXHIGHNY-26MAY24-T67,Above 68F,68.0,,above,greater,0.005,0.0,1.0,510.0,2021.36,2026-05-24 05:00:00 UTC,no,0
2026-05-24,KXHIGHNY-26MAY24-T60,Below 59F,,59.0,below,less,0.825,82.0,83.0,662.32,7173.52,2026-05-24 05:00:00 UTC,yes,1
2026-05-24,KXHIGHNY-26MAY24-B66.5,66-67F,66.0,67.0,between,between,0.005,0.0,1.0,23.37,1176.37,2026-05-24 05:00:00 UTC,no,0
2026-05-24,KXHIGHNY-26MAY24-B64.5,64-65F,64.0,65.0,between,between,0.01,0.0,2.0,0.0,1638.6,2026-05-24 05:00:00 UTC,no,0
2026-05-24,KXHIGHNY-26MAY24-B62.5,62-63F,62.0,63.0,between,between,0.025,2.0,3.0,907.84,1791.74,2026-05-24 05:00:00 UTC,no,0
2026-05-24,KXHIGHNY-26MAY24-B60.5,60-61F,60.0,61.0,between,between,0.185,18.0,19.0,432.24,3974.04,2026-05-24 05:00:00 UTC,no,0
2026-05-25,KXHIGHNY-26MAY25-T79,Above 80F,80.0,,above,greater,0.005,0.0,1.0,82.74,2394.74,2026-05-25 05:00:00 UTC,no,0
2026-05-25,KXHIGHNY-26MAY25-T72,Below 71F,,71.0,below,less,0.265,26.0,27.0,747.37,7782.77,2026-05-25 05:00:00 UTC,no,0
2026-05-25,KXHIGHNY-26MAY25-B78.5,78-79F,78.0,79.0,between,between,0.015,1.0,2.0,161.0,1260.65,2026-05-25 05:00:00 UTC,no,0
2026-05-25,KXHIGHNY-26MAY25-B76.5,76-77F,76.0,77.0,between,between,0.055,5.0,6.0,3292.02,4890.15,2026-05-25 05:00:00 UTC,no,0
2026-05-25,KXHIGHNY-26MAY25-B74.5,74-75F,74.0,75.0,between,between,0.28,27.0,28.999999999999996,3562.19,5529.77,2026-05-25 05:00:00 UTC,no,0
2026-05-25,KXHIGHNY-26MAY25-B72.5,72-73F,72.0,73.0,between,between,0.4,38.0,42.0,1052.76,5940.44,2026-05-25 05:00:00 UTC,yes,1
2026-05-26,KXHIGHNY-26MAY26-T84,Above 85F,85.0,,above,greater,0.005,0.0,1.0,0.0,2598.0,2026-05-26 05:00:00 UTC,no,0
2026-05-26,KXHIGHNY-26MAY26-T77,Below 76F,,76.0,below,less,0.03,2.0,4.0,552.12,3144.64,2026-05-26 05:00:00 UTC,no,0
2026-05-26,KXHIGHNY-26MAY26-B83.5,83-84F,83.0,84.0,between,between,0.04,3.0,5.0,34.85,779.88,2026-05-26 05:00:00 UTC,no,0
2026-05-26,KXHIGHNY-26MAY26-B81.5,81-82F,81.0,82.0,between,between,0.2,19.0,21.0,692.51,2772.75,2026-05-26 05:00:00 UTC,no,0
2026-05-26,KXHIGHNY-26MAY26-B79.5,79-80F,79.0,80.0,between,between,0.52,51.0,53.0,747.12,3817.8,2026-05-26 05:00:00 UTC,yes,1
2026-05-26,KXHIGHNY-26MAY26-B77.5,77-78F,77.0,78.0,between,between,0.29,28.000000000000004,30.0,205.41,2026.71,2026-05-26 05:00:00 UTC,no,0
2026-05-27,KXHIGHNY-26MAY27-T84,Above 85F,85.0,,above,greater,0.33,30.0,36.0,382.71,3943.77,2026-05-27 05:00:00 UTC,no,0
2026-05-27,KXHIGHNY-26MAY27-T77,Below 76F,,76.0,below,less,0.005,0.0,1.0,0.0,2117.0,2026-05-27 05:00:00 UTC,no,0
2026-05-27,KXHIGHNY-26MAY27-B83.5,83-84F,83.0,84.0,between,between,0.505,47.0,54.0,211.76,2917.53,2026-05-27 05:00:00 UTC,no,0
2026-05-27,KXHIGHNY-26MAY27-B81.5,81-82F,81.0,82.0,between,between,0.145,14.000000000000002,15.0,30.0,2089.15,2026-05-27 05:00:00 UTC,yes,1
2026-05-27,KXHIGHNY-26MAY27-B79.5,79-80F,79.0,80.0,between,between,0.015,1.0,2.0,39.0,1762.0,2026-05-27 05:00:00 UTC,no,0
2026-05-27,KXHIGHNY-26MAY27-B77.5,77-78F,77.0,78.0,between,between,0.005,0.0,1.0,0.0,1163.19,2026-05-27 05:00:00 UTC,no,0
2026-05-28,KXHIGHNY-26MAY28-T83,Above 84F,84.0,,above,greater,0.005,0.0,1.0,1.0,2705.12,2026-05-28 05:00:00 UTC,no,0
2026-05-28,KXHIGHNY-26MAY28-T76,Below 75F,,75.0,below,less,0.54,53.0,55.00000000000001,2005.38,7338.51,2026-05-28 05:00:00 UTC,yes,1
2026-05-28,KXHIGHNY-26MAY28-B82.5,82-83F,82.0,83.0,between,between,0.005,0.0,1.0,1.0,1004.14,2026-05-28 05:00:00 UTC,no,0
2026-05-28,KXHIGHNY-26MAY28-B80.5,80-81F,80.0,81.0,between,between,0.015,1.0,2.0,401.0,1702.32,2026-05-28 05:00:00 UTC,no,0
2026-05-28,KXHIGHNY-26MAY28-B78.5,78-79F,78.0,79.0,between,between,0.075,7.000000000000001,8.0,831.36,4884.8,2026-05-28 05:00:00 UTC,no,0
2026-05-28,KXHIGHNY-26MAY28-B76.5,76-77F,76.0,77.0,between,between,0.415,41.0,42.0,924.94,5938.52,2026-05-28 05:00:00 UTC,no,0
2026-05-29,KXHIGHNY-26MAY29-T85,Above 86F,86.0,,above,greater,0.005,0.0,1.0,1.0,1870.06,2026-05-29 05:00:00 UTC,no,0
2026-05-29,KXHIGHNY-26MAY29-T78,Below 77F,,77.0,below,less,0.33,32.0,34.0,614.09,3461.11,2026-05-29 05:00:00 UTC,yes,1
2026-05-29,KXHIGHNY-26MAY29-B84.5,84-85F,84.0,85.0,between,between,0.005,0.0,1.0,94.51,1775.98,2026-05-29 05:00:00 UTC,no,0
2026-05-29,KXHIGHNY-26MAY29-B82.5,82-83F,82.0,83.0,between,between,0.025,2.0,3.0,211.78,1129.64,2026-05-29 05:00:00 UTC,no,0
2026-05-29,KXHIGHNY-26MAY29-B80.5,80-81F,80.0,81.0,between,between,0.17,16.0,18.0,637.53,2682.2,2026-05-29 05:00:00 UTC,no,0
2026-05-29,KXHIGHNY-26MAY29-B78.5,78-79F,78.0,79.0,between,between,0.525,52.0,53.0,163.8,4359.16,2026-05-29 05:00:00 UTC,no,0
2026-05-30,KXHIGHNY-26MAY30-T75,Above 76F,76.0,,above,greater,0.005,0.0,1.0,190.3,3568.47,2026-05-30 05:00:00 UTC,no,0
2026-05-30,KXHIGHNY-26MAY30-T68,Below 67F,,67.0,below,less,0.005,0.0,1.0,7795.96,11464.22,2026-05-30 05:00:00 UTC,no,0
2026-05-30,KXHIGHNY-26MAY30-B74.5,74-75F,74.0,75.0,between,between,0.005,0.0,1.0,2798.35,4517.72,2026-05-30 05:00:00 UTC,no,0
2026-05-30,KXHIGHNY-26MAY30-B72.5,72-73F,72.0,73.0,between,between,0.005,0.0,1.0,1236.93,8046.49,2026-05-30 05:00:00 UTC,no,0
2026-05-30,KXHIGHNY-26MAY30-B70.5,70-71F,70.0,71.0,between,between,0.105,10.0,11.0,1469.99,5441.9,2026-05-30 05:00:00 UTC,no,0
2026-05-30,KXHIGHNY-26MAY30-B68.5,68-69F,68.0,69.0,between,between,0.895,89.0,90.0,2710.5,6037.62,2026-05-30 05:00:00 UTC,yes,1
2026-05-31,KXHIGHNY-26MAY31-T79,Above 80F,80.0,,above,greater,0.015,1.0,2.0,91.64,2866.58,2026-05-31 05:00:00 UTC,no,0
2026-05-31,KXHIGHNY-26MAY31-T72,Below 71F,,71.0,below,less,0.025,2.0,3.0,553.96,2884.14,2026-05-31 05:00:00 UTC,no,0
2026-05-31,KXHIGHNY-26MAY31-B78.5,78-79F,78.0,79.0,between,between,0.05,4.0,6.0,215.02,1138.26,2026-05-31 05:00:00 UTC,no,0
2026-05-31,KXHIGHNY-26MAY31-B76.5,76-77F,76.0,77.0,between,between,0.325,32.0,33.0,164.87,2713.11,2026-05-31 05:00:00 UTC,no,0
2026-05-31,KXHIGHNY-26MAY31-B74.5,74-75F,74.0,75.0,between,between,0.485,48.0,49.0,340.16,4124.38,2026-05-31 05:00:00 UTC,yes,1
2026-05-31,KXHIGHNY-26MAY31-B72.5,72-73F,72.0,73.0,between,between,0.18,17.0,19.0,424.64,1790.09,2026-05-31 05:00:00 UTC,no,0
2026-06-01,KXHIGHNY-26JUN01-T77,Above 78F,78.0,,above,greater,0.005,0.0,1.0,2.0,2535.95,2026-06-01 05:00:00 UTC,no,0
2026-06-01,KXHIGHNY-26JUN01-T70,Below 69F,,69.0,below,less,0.025,2.0,3.0,59.0,3010.58,2026-06-01 05:00:00 UTC,no,0
2026-06-01,KXHIGHNY-26JUN01-B76.5,76-77F,76.0,77.0,between,between,0.015,1.0,2.0,131.0,869.11,2026-06-01 05:00:00 UTC,no,0
2026-06-01,KXHIGHNY-26JUN01-B74.5,74-75F,74.0,75.0,between,between,0.105,10.0,11.0,346.66,1982.31,2026-06-01 05:00:00 UTC,no,0
2026-06-01,KXHIGHNY-26JUN01-B72.5,72-73F,72.0,73.0,between,between,0.51,50.0,52.0,331.05,2764.05,2026-06-01 05:00:00 UTC,no,0
2026-06-01,KXHIGHNY-26JUN01-B70.5,70-71F,70.0,71.0,between,between,0.37,36.0,38.0,316.54,2849.7,2026-06-01 05:00:00 UTC,yes,1
2026-06-02,KXHIGHNY-26JUN02-T80,Above 81F,81.0,,above,greater,0.005,0.0,1.0,1.0,2396.26,2026-06-02 05:00:00 UTC,no,0
2026-06-02,KXHIGHNY-26JUN02-T73,Below 72F,,72.0,below,less,0.005,0.0,1.0,1.0,2548.94,2026-06-02 05:00:00 UTC,no,0
2026-06-02,KXHIGHNY-26JUN02-B79.5,79-80F,79.0,80.0,between,between,0.015,1.0,2.0,144.0,1456.0,2026-06-02 05:00:00 UTC,no,0
2026-06-02,KXHIGHNY-26JUN02-B77.5,77-78F,77.0,78.0,between,between,0.315,28.999999999999996,34.0,273.32,2442.54,2026-06-02 05:00:00 UTC,no,0
2026-06-02,KXHIGHNY-26JUN02-B75.5,75-76F,75.0,76.0,between,between,0.65,63.0,67.0,326.34,4591.56,2026-06-02 05:00:00 UTC,yes,1
2026-06-02,KXHIGHNY-26JUN02-B73.5,73-74F,73.0,74.0,between,between,0.045,4.0,5.0,550.1,2783.34,2026-06-02 05:00:00 UTC,no,0
2026-06-03,KXHIGHNY-26JUN03-T83,Above 84F,84.0,,above,greater,0.26,25.0,27.0,1201.28,3698.78,2026-06-03 05:00:00 UTC,no,0
2026-06-03,KXHIGHNY-26JUN03-T76,Below 75F,,75.0,below,less,0.005,0.0,1.0,100.0,1751.36,2026-06-03 05:00:00 UTC,no,0
2026-06-03,KXHIGHNY-26JUN03-B82.5,82-83F,82.0,83.0,between,between,0.485,47.0,50.0,397.8,3580.89,2026-06-03 05:00:00 UTC,yes,1
2026-06-03,KXHIGHNY-26JUN03-B80.5,80-81F,80.0,81.0,between,between,0.245,24.0,25.0,487.3,3079.5,2026-06-03 05:00:00 UTC,no,0
2026-06-03,KXHIGHNY-26JUN03-B78.5,78-79F,78.0,79.0,between,between,0.045,4.0,5.0,123.0,4419.23,2026-06-03 05:00:00 UTC,no,0
2026-06-03,KXHIGHNY-26JUN03-B76.5,76-77F,76.0,77.0,between,between,0.015,0.0,3.0,1263.53,2594.64,2026-06-03 05:00:00 UTC,no,0
2026-06-04,KXHIGHNY-26JUN04-T89,Above 90F,90.0,,above,greater,0.015,1.0,2.0,137.24,4013.7,2026-06-04 05:00:00 UTC,no,0
2026-06-04,KXHIGHNY-26JUN04-T82,Below 81F,,81.0,below,less,0.005,0.0,1.0,192.03,2265.53,2026-06-04 05:00:00 UTC,no,0
2026-06-04,KXHIGHNY-26JUN04-B88.5,88-89F,88.0,89.0,between,between,0.17,16.0,18.0,508.12,5236.35,2026-06-04 05:00:00 UTC,no,0
2026-06-04,KXHIGHNY-26JUN04-B86.5,86-87F,86.0,87.0,between,between,0.485,48.0,49.0,1030.84,8275.28,2026-06-04 05:00:00 UTC,yes,1
2026-06-04,KXHIGHNY-26JUN04-B84.5,84-85F,84.0,85.0,between,between,0.37,36.0,38.0,428.57,4700.16,2026-06-04 05:00:00 UTC,no,0
2026-06-04,KXHIGHNY-26JUN04-B82.5,82-83F,82.0,83.0,between,between,0.005,0.0,1.0,934.26,3795.1,2026-06-04 05:00:00 UTC,no,0
2026-06-05,KXHIGHNY-26JUN05-T92,Above 93F,93.0,,above,greater,0.065,6.0,7.000000000000001,1394.49,4406.85,2026-06-05 05:00:00 UTC,no,0
2026-06-05,KXHIGHNY-26JUN05-T85,Below 84F,,84.0,below,less,0.005,0.0,1.0,100.0,6051.89,2026-06-05 05:00:00 UTC,no,0
2026-06-05,KXHIGHNY-26JUN05-B91.5,91-92F,91.0,92.0,between,between,0.35,33.0,37.0,506.66,4541.73,2026-06-05 05:00:00 UTC,no,0
2026-06-05,KXHIGHNY-26JUN05-B89.5,89-90F,89.0,90.0,between,between,0.55,54.0,56.00000000000001,802.42,4246.71,2026-06-05 05:00:00 UTC,no,0
2026-06-05,KXHIGHNY-26JUN05-B87.5,87-88F,87.0,88.0,between,between,0.06,5.0,7.000000000000001,1886.04,4311.02,2026-06-05 05:00:00 UTC,yes,1
2026-06-05,KXHIGHNY-26JUN05-B85.5,85-86F,85.0,86.0,between,between,0.015,1.0,2.0,515.89,3420.27,2026-06-05 05:00:00 UTC,no,0
2026-06-06,KXHIGHNY-26JUN06-T94,Above 95F,95.0,,above,greater,0.035,3.0,4.0,620.75,3997.74,2026-06-06 05:00:00 UTC,no,0
2026-06-06,KXHIGHNY-26JUN06-T87,Below 86F,,86.0,below,less,0.005,0.0,1.0,93.51,3464.55,2026-06-06 05:00:00 UTC,no,0
2026-06-06,KXHIGHNY-26JUN06-B93.5,93-94F,93.0,94.0,between,between,0.09,8.0,10.0,269.33,3509.75,2026-06-06 05:00:00 UTC,no,0
2026-06-06,KXHIGHNY-26JUN06-B91.5,91-92F,91.0,92.0,between,between,0.275,26.0,28.999999999999996,835.91,6530.7,2026-06-06 05:00:00 UTC,no,0
2026-06-06,KXHIGHNY-26JUN06-B89.5,89-90F,89.0,90.0,between,between,0.52,50.0,54.0,444.23,5813.58,2026-06-06 05:00:00 UTC,no,0
2026-06-06,KXHIGHNY-26JUN06-B87.5,87-88F,87.0,88.0,between,between,0.12,11.0,13.0,1846.36,4477.57,2026-06-06 05:00:00 UTC,yes,1
2026-06-07,KXHIGHNY-26JUN07-T94,Above 95F,95.0,,above,greater,0.005,0.0,1.0,0.0,1038.89,2026-06-07 05:00:00 UTC,no,0
2026-06-07,KXHIGHNY-26JUN07-T87,Below 86F,,86.0,below,less,0.815,81.0,82.0,875.4,6234.2,2026-06-07 05:00:00 UTC,yes,1
2026-06-07,KXHIGHNY-26JUN07-B93.5,93-94F,93.0,94.0,between,between,0.005,0.0,1.0,0.0,1064.0,2026-06-07 05:00:00 UTC,no,0
2026-06-07,KXHIGHNY-26JUN07-B91.5,91-92F,91.0,92.0,between,between,0.005,0.0,1.0,0.0,1410.11,2026-06-07 05:00:00 UTC,no,0
2026-06-07,KXHIGHNY-26JUN07-B89.5,89-90F,89.0,90.0,between,between,0.005,0.0,1.0,999.88,4027.77,2026-06-07 05:00:00 UTC,no,0
2026-06-07,KXHIGHNY-26JUN07-B87.5,87-88F,87.0,88.0,between,between,0.19,18.0,20.0,810.59,4100.46,2026-06-07 05:00:00 UTC,no,0
2026-06-08,KXHIGHNY-26JUN08-T79,Above 80F,80.0,,above,greater,0.035,3.0,4.0,857.41,2409.21,2026-06-08 05:00:00 UTC,no,0
2026-06-08,KXHIGHNY-26JUN08-T72,Below 71F,,71.0,below,less,0.005,0.0,1.0,60.0,2079.37,2026-06-08 05:00:00 UTC,no,0
2026-06-08,KXHIGHNY-26JUN08-B78.5,78-79F,78.0,79.0,between,between,0.105,10.0,11.0,602.03,2473.49,2026-06-08 05:00:00 UTC,no,0
2026-06-08,KXHIGHNY-26JUN08-B76.5,76-77F,76.0,77.0,between,between,0.415,41.0,42.0,304.77,3539.13,2026-06-08 05:00:00 UTC,no,0
2026-06-08,KXHIGHNY-26JUN08-B74.5,74-75F,74.0,75.0,between,between,0.41,40.0,42.0,812.1,5570.72,2026-06-08 05:00:00 UTC,yes,1
2026-06-08,KXHIGHNY-26JUN08-B72.5,72-73F,72.0,73.0,between,between,0.055,5.0,6.0,370.18,3693.19,2026-06-08 05:00:00 UTC,no,0
2026-06-09,KXHIGHNY-26JUN09-T85,Above 86F,86.0,,above,greater,0.005,0.0,1.0,0.0,2339.6,2026-06-09 05:00:00 UTC,no,0
2026-06-09,KXHIGHNY-26JUN09-T78,Below 77F,,77.0,below,less,0.085,6.0,11.0,260.27,4641.16,2026-06-09 05:00:00 UTC,no,0
2026-06-09,KXHIGHNY-26JUN09-B84.5,84-85F,84.0,85.0,between,between,0.015,1.0,2.0,64.19,626.39,2026-06-09 05:00:00 UTC,no,0
2026-06-09,KXHIGHNY-26JUN09-B82.5,82-83F,82.0,83.0,between,between,0.065,5.0,8.0,89.19,1691.27,2026-06-09 05:00:00 UTC,no,0
2026-06-09,KXHIGHNY-26JUN09-B80.5,80-81F,80.0,81.0,between,between,0.295,27.0,32.0,369.31,3025.45,2026-06-09 05:00:00 UTC,no,0
2026-06-09,KXHIGHNY-26JUN09-B78.5,78-79F,78.0,79.0,between,between,0.595,57.99999999999999,61.0,1037.69,5686.55,2026-06-09 05:00:00 UTC,yes,1
2026-06-10,KXHIGHNY-26JUN10-T82,Above 83F,83.0,,above,greater,0.455,45.0,46.0,499.67,6868.92,2026-06-10 05:00:00 UTC,no,0
2026-06-10,KXHIGHNY-26JUN10-T75,Below 74F,,74.0,below,less,0.005,0.0,1.0,21.0,1568.59,2026-06-10 05:00:00 UTC,no,0
2026-06-10,KXHIGHNY-26JUN10-B81.5,81-82F,81.0,82.0,between,between,0.265,26.0,27.0,677.93,6045.76,2026-06-10 05:00:00 UTC,yes,1
2026-06-10,KXHIGHNY-26JUN10-B79.5,79-80F,79.0,80.0,between,between,0.155,15.0,16.0,957.96,5698.11,2026-06-10 05:00:00 UTC,no,0
2026-06-10,KXHIGHNY-26JUN10-B77.5,77-78F,77.0,78.0,between,between,0.135,13.0,14.000000000000002,827.9,5770.85,2026-06-10 05:00:00 UTC,no,0
2026-06-10,KXHIGHNY-26JUN10-B75.5,75-76F,75.0,76.0,between,between,0.035,3.0,4.0,183.84,4437.53,2026-06-10 05:00:00 UTC,no,0
2026-06-11,KXHIGHNY-26JUN11-T95,Above 96F,96.0,,above,greater,0.255,25.0,26.0,794.95,5985.24,2026-06-11 05:00:00 UTC,no,0
2026-06-11,KXHIGHNY-26JUN11-T88,Below 87F,,87.0,below,less,0.005,0.0,1.0,1680.36,4511.46,2026-06-11 05:00:00 UTC,no,0
2026-06-11,KXHIGHNY-26JUN11-B94.5,94-95F,94.0,95.0,between,between,0.29,28.000000000000004,30.0,419.79,4490.49,2026-06-11 05:00:00 UTC,no,0
2026-06-11,KXHIGHNY-26JUN11-B92.5,92-93F,92.0,93.0,between,between,0.425,42.0,43.0,689.96,3434.49,2026-06-11 05:00:00 UTC,no,0
2026-06-11,KXHIGHNY-26JUN11-B90.5,90-91F,90.0,91.0,between,between,0.075,7.000000000000001,8.0,585.73,2669.82,2026-06-11 05:00:00 UTC,yes,1
2026-06-11,KXHIGHNY-26JUN11-B88.5,88-89F,88.0,89.0,between,between,0.025,2.0,3.0,245.5,1793.19,2026-06-11 05:00:00 UTC,no,0
2026-06-12,KXHIGHNY-26JUN12-T97,Above 98F,98.0,,above,greater,0.025,2.0,3.0,59.94,9066.46,2026-06-12 05:00:00 UTC,no,0
2026-06-12,KXHIGHNY-26JUN12-T90,Below 89F,,89.0,below,less,0.025,2.0,3.0,20.79,4870.69,2026-06-12 05:00:00 UTC,no,0
2026-06-12,KXHIGHNY-26JUN12-B96.5,96-97F,96.0,97.0,between,between,0.065,6.0,7.000000000000001,523.57,2599.84,2026-06-12 05:00:00 UTC,no,0
2026-06-12,KXHIGHNY-26JUN12-B94.5,94-95F,94.0,95.0,between,between,0.26,25.0,27.0,581.28,4494.38,2026-06-12 05:00:00 UTC,no,0
2026-06-12,KXHIGHNY-26JUN12-B92.5,92-93F,92.0,93.0,between,between,0.475,47.0,48.0,1040.81,5181.31,2026-06-12 05:00:00 UTC,no,0
2026-06-12,KXHIGHNY-26JUN12-B90.5,90-91F,90.0,91.0,between,between,0.205,20.0,21.0,298.87,3595.89,2026-06-12 05:00:00 UTC,yes,1
2026-06-13,KXHIGHNY-26JUN13-T94,Above 95F,95.0,,above,greater,0.005,0.0,1.0,0.0,6109.26,2026-06-13 05:00:00 UTC,no,0
2026-06-13,KXHIGHNY-26JUN13-T87,Below 86F,,86.0,below,less,0.26,25.0,27.0,512.83,4815.59,2026-06-13 05:00:00 UTC,yes,1
2026-06-13,KXHIGHNY-26JUN13-B93.5,93-94F,93.0,94.0,between,between,0.015,1.0,2.0,214.03,1882.38,2026-06-13 05:00:00 UTC,no,0
2026-06-13,KXHIGHNY-26JUN13-B91.5,91-92F,91.0,92.0,between,between,0.045,4.0,5.0,906.58,2901.86,2026-06-13 05:00:00 UTC,no,0
2026-06-13,KXHIGHNY-26JUN13-B89.5,89-90F,89.0,90.0,between,between,0.255,25.0,26.0,673.6,3251.16,2026-06-13 05:00:00 UTC,no,0
2026-06-13,KXHIGHNY-26JUN13-B87.5,87-88F,87.0,88.0,between,between,0.505,49.0,52.0,999.87,4487.67,2026-06-13 05:00:00 UTC,no,0
2026-06-14,KXHIGHNY-26JUN14-T92,Above 93F,93.0,,above,greater,0.015,1.0,2.0,111.08,2428.15,2026-06-14 05:00:00 UTC,no,0
2026-06-14,KXHIGHNY-26JUN14-T85,Below 84F,,84.0,below,less,0.09,8.0,10.0,484.25,6025.92,2026-06-14 05:00:00 UTC,no,0
2026-06-14,KXHIGHNY-26JUN14-B91.5,91-92F,91.0,92.0,between,between,0.015,1.0,2.0,473.07,2013.41,2026-06-14 05:00:00 UTC,no,0
2026-06-14,KXHIGHNY-26JUN14-B89.5,89-90F,89.0,90.0,between,between,0.155,15.0,16.0,646.47,3947.69,2026-06-14 05:00:00 UTC,no,0
2026-06-14,KXHIGHNY-26JUN14-B87.5,87-88F,87.0,88.0,between,between,0.55,54.0,56.00000000000001,763.01,5095.17,2026-06-14 05:00:00 UTC,yes,1
2026-06-14,KXHIGHNY-26JUN14-B85.5,85-86F,85.0,86.0,between,between,0.25,24.0,26.0,522.85,4184.82,2026-06-14 05:00:00 UTC,no,0
2026-06-15,KXHIGHNY-26JUN15-T85,Above 86F,86.0,,above,greater,0.005,0.0,1.0,946.06,3439.8,2026-06-15 05:00:00 UTC,no,0
2026-06-15,KXHIGHNY-26JUN15-T78,Below 77F,,77.0,below,less,0.415,40.0,43.0,472.4,4903.98,2026-06-15 05:00:00 UTC,yes,1
2026-06-15,KXHIGHNY-26JUN15-B84.5,84-85F,84.0,85.0,between,between,0.015,1.0,2.0,87.54,777.14,2026-06-15 05:00:00 UTC,no,0
2026-06-15,KXHIGHNY-26JUN15-B82.5,82-83F,82.0,83.0,between,between,0.025,2.0,3.0,275.95,1110.76,2026-06-15 05:00:00 UTC,no,0
2026-06-15,KXHIGHNY-26JUN15-B80.5,80-81F,80.0,81.0,between,between,0.115,10.0,13.0,567.35,2622.72,2026-06-15 05:00:00 UTC,no,0
2026-06-15,KXHIGHNY-26JUN15-B78.5,78-79F,78.0,79.0,between,between,0.475,45.0,50.0,516.3,3678.03,2026-06-15 05:00:00 UTC,no,0
2026-06-16,KXHIGHNY-26JUN16-T82,Above 83F,83.0,,above,greater,0.005,0.0,1.0,71.75,2235.29,2026-06-16 05:00:00 UTC,no,0
2026-06-16,KXHIGHNY-26JUN16-T75,Below 74F,,74.0,below,less,0.025,2.0,3.0,211.37,6190.19,2026-06-16 05:00:00 UTC,no,0
2026-06-16,KXHIGHNY-26JUN16-B81.5,81-82F,81.0,82.0,between,between,0.02,1.0,3.0,68.92,2797.64,2026-06-16 05:00:00 UTC,no,0
2026-06-16,KXHIGHNY-26JUN16-B79.5,79-80F,79.0,80.0,between,between,0.17,16.0,18.0,254.26,6383.1,2026-06-16 05:00:00 UTC,no,0
2026-06-16,KXHIGHNY-26JUN16-B77.5,77-78F,77.0,78.0,between,between,0.48,47.0,49.0,928.99,6012.95,2026-06-16 05:00:00 UTC,no,0
2026-06-16,KXHIGHNY-26JUN16-B75.5,75-76F,75.0,76.0,between,between,0.37,36.0,38.0,296.46,7219.86,2026-06-16 05:00:00 UTC,yes,1
2026-06-17,KXHIGHNY-26JUN17-T81,Above 82F,82.0,,above,greater,0.015,1.0,2.0,206.48,1545.68,2026-06-17 05:00:00 UTC,no,0
2026-06-17,KXHIGHNY-26JUN17-T74,Below 73F,,73.0,below,less,0.015,1.0,2.0,614.03,3038.68,2026-06-17 05:00:00 UTC,no,0
2026-06-17,KXHIGHNY-26JUN17-B80.5,80-81F,80.0,81.0,between,between,0.025,2.0,3.0,247.98,1823.15,2026-06-17 05:00:00 UTC,no,0
2026-06-17,KXHIGHNY-26JUN17-B78.5,78-79F,78.0,79.0,between,between,0.205,20.0,21.0,251.78,4908.49,2026-06-17 05:00:00 UTC,yes,1
2026-06-17,KXHIGHNY-26JUN17-B76.5,76-77F,76.0,77.0,between,between,0.415,41.0,42.0,481.56,5562.78,2026-06-17 05:00:00 UTC,no,0
2026-06-17,KXHIGHNY-26JUN17-B74.5,74-75F,74.0,75.0,between,between,0.395,39.0,40.0,525.53,7951.52,2026-06-17 05:00:00 UTC,no,0
2026-06-18,KXHIGHNY-26JUN18-T90,Above 91F,91.0,,above,greater,0.085,8.0,9.0,498.71,2841.62,2026-06-18 05:00:00 UTC,no,0
2026-06-18,KXHIGHNY-26JUN18-T83,Below 82F,,82.0,below,less,0.01,0.0,2.0,558.53,2895.58,2026-06-18 05:00:00 UTC,no,0
2026-06-18,KXHIGHNY-26JUN18-B89.5,89-90F,89.0,90.0,between,between,0.225,22.0,23.0,420.12,3120.01,2026-06-18 05:00:00 UTC,no,0
2026-06-18,KXHIGHNY-26JUN18-B87.5,87-88F,87.0,88.0,between,between,0.395,38.0,41.0,463.09,3574.15,2026-06-18 05:00:00 UTC,no,0
2026-06-18,KXHIGHNY-26JUN18-B85.5,85-86F,85.0,86.0,between,between,0.25,24.0,26.0,476.08,3398.22,2026-06-18 05:00:00 UTC,yes,1
2026-06-18,KXHIGHNY-26JUN18-B83.5,83-84F,83.0,84.0,between,between,0.065,6.0,7.000000000000001,35.13,2191.33,2026-06-18 05:00:00 UTC,no,0
2026-06-19,KXHIGHNY-26JUN19-T88,Above 89F,89.0,,above,greater,0.005,0.0,1.0,0.0,2266.3,2026-06-19 05:00:00 UTC,no,0
2026-06-19,KXHIGHNY-26JUN19-T81,Below 80F,,80.0,below,less,0.205,18.0,23.0,898.89,2955.04,2026-06-19 05:00:00 UTC,no,0
2026-06-19,KXHIGHNY-26JUN19-B87.5,87-88F,87.0,88.0,between,between,0.02,1.0,3.0,258.08,925.18,2026-06-19 05:00:00 UTC,no,0
2026-06-19,KXHIGHNY-26JUN19-B85.5,85-86F,85.0,86.0,between,between,0.09,8.0,10.0,182.66,3079.36,2026-06-19 05:00:00 UTC,no,0
2026-06-19,KXHIGHNY-26JUN19-B83.5,83-84F,83.0,84.0,between,between,0.345,32.0,37.0,251.06,3481.35,2026-06-19 05:00:00 UTC,no,0
2026-06-19,KXHIGHNY-26JUN19-B81.5,81-82F,81.0,82.0,between,between,0.375,35.0,40.0,124.25,3160.78,2026-06-19 05:00:00 UTC,yes,1
2026-06-20,KXHIGHNY-26JUN20-T89,Above 90F,90.0,,above,greater,0.005,0.0,1.0,0.0,430.43,2026-06-20 05:00:00 UTC,no,0
2026-06-20,KXHIGHNY-26JUN20-T82,Below 81F,,81.0,below,less,0.62,61.0,63.0,865.98,5445.01,2026-06-20 05:00:00 UTC,yes,1
2026-06-20,KXHIGHNY-26JUN20-B88.5,88-89F,88.0,89.0,between,between,0.005,0.0,1.0,1.0,560.43,2026-06-20 05:00:00 UTC,no,0
2026-06-20,KXHIGHNY-26JUN20-B86.5,86-87F,86.0,87.0,between,between,0.005,0.0,1.0,30.0,1212.43,2026-06-20 05:00:00 UTC,no,0
2026-06-20,KXHIGHNY-26JUN20-B84.5,84-85F,84.0,85.0,between,between,0.065,6.0,7.000000000000001,454.73,2986.29,2026-06-20 05:00:00 UTC,no,0
2026-06-20,KXHIGHNY-26JUN20-B82.5,82-83F,82.0,83.0,between,between,0.335,33.0,34.0,341.99,2886.94,2026-06-20 05:00:00 UTC,no,0
2026-06-21,KXHIGHNY-26JUN21-T87,Above 88F,88.0,,above,greater,0.005,0.0,1.0,0.0,1941.7,2026-06-21 05:00:00 UTC,no,0
2026-06-21,KXHIGHNY-26JUN21-T80,Below 79F,,79.0,below,less,0.115,11.0,12.0,69.84,1820.96,2026-06-21 05:00:00 UTC,no,0
2026-06-21,KXHIGHNY-26JUN21-B86.5,86-87F,86.0,87.0,between,between,0.005,0.0,1.0,0.0,1834.86,2026-06-21 05:00:00 UTC,no,0
2026-06-21,KXHIGHNY-26JUN21-B84.5,84-85F,84.0,85.0,between,between,0.07,6.0,8.0,135.48,1301.29,2026-06-21 05:00:00 UTC,no,0
2026-06-21,KXHIGHNY-26JUN21-B82.5,82-83F,82.0,83.0,between,between,0.335,32.0,35.0,131.11,2376.73,2026-06-21 05:00:00 UTC,yes,1
2026-06-21,KXHIGHNY-26JUN21-B80.5,80-81F,80.0,81.0,between,between,0.505,49.0,52.0,169.44,3120.09,2026-06-21 05:00:00 UTC,no,0
2026-06-22,KXHIGHNY-26JUN22-T79,Above 80F,80.0,,above,greater,0.055,5.0,6.0,430.02,2486.52,2026-06-22 05:00:00 UTC,no,0
2026-06-22,KXHIGHNY-26JUN22-T72,Below 71F,,71.0,below,less,0.015,1.0,2.0,420.87,1713.41,2026-06-22 05:00:00 UTC,no,0
2026-06-22,KXHIGHNY-26JUN22-B78.5,78-79F,78.0,79.0,between,between,0.115,9.0,14.000000000000002,57.76,2322.6,2026-06-22 05:00:00 UTC,no,0
2026-06-22,KXHIGHNY-26JUN22-B76.5,76-77F,76.0,77.0,between,between,0.27,25.0,28.999999999999996,322.43,3759.7,2026-06-22 05:00:00 UTC,no,0
2026-06-22,KXHIGHNY-26JUN22-B74.5,74-75F,74.0,75.0,between,between,0.48,45.0,51.0,422.35,3036.63,2026-06-22 05:00:00 UTC,no,0
2026-06-22,KXHIGHNY-26JUN22-B72.5,72-73F,72.0,73.0,between,between,0.13,10.0,16.0,560.21,3735.81,2026-06-22 05:00:00 UTC,yes,1
2026-06-23,KXHIGHNY-26JUN23-T85,Above 86F,86.0,,above,greater,0.005,0.0,1.0,19.0,1209.66,2026-06-23 05:00:00 UTC,no,0
2026-06-23,KXHIGHNY-26JUN23-T78,Below 77F,,77.0,below,less,0.945,94.0,95.0,18.09,2159.96,2026-06-23 05:00:00 UTC,yes,1
2026-06-23,KXHIGHNY-26JUN23-B84.5,84-85F,84.0,85.0,between,between,0.005,0.0,1.0,19.0,1480.48,2026-06-23 05:00:00 UTC,no,0
2026-06-23,KXHIGHNY-26JUN23-B82.5,82-83F,82.0,83.0,between,between,0.005,0.0,1.0,46.0,1642.98,2026-06-23 05:00:00 UTC,no,0
2026-06-23,KXHIGHNY-26JUN23-B80.5,80-81F,80.0,81.0,between,between,0.015,1.0,2.0,6.0,2315.3,2026-06-23 05:00:00 UTC,no,0
2026-06-23,KXHIGHNY-26JUN23-B78.5,78-79F,78.0,79.0,between,between,0.05,4.0,6.0,159.36,1974.57,2026-06-23 05:00:00 UTC,no,0
2026-06-24,KXHIGHNY-26JUN24-T89,Above 90F,90.0,,above,greater,0.005,0.0,1.0,0.0,1902.98,2026-06-24 05:00:00 UTC,no,0
2026-06-24,KXHIGHNY-26JUN24-T82,Below 81F,,81.0,below,less,0.415,41.0,42.0,346.8,6615.42,2026-06-24 05:00:00 UTC,no,0
2026-06-24,KXHIGHNY-26JUN24-B88.5,88-89F,88.0,89.0,between,between,0.005,0.0,1.0,0.0,1297.93,2026-06-24 05:00:00 UTC,no,0
2026-06-24,KXHIGHNY-26JUN24-B86.5,86-87F,86.0,87.0,between,between,0.005,0.0,1.0,47.96,1735.05,2026-06-24 05:00:00 UTC,no,0
2026-06-24,KXHIGHNY-26JUN24-B84.5,84-85F,84.0,85.0,between,between,0.075,7.000000000000001,8.0,194.62,4478.58,2026-06-24 05:00:00 UTC,no,0
2026-06-24,KXHIGHNY-26JUN24-B82.5,82-83F,82.0,83.0,between,between,0.55,54.0,56.00000000000001,345.39,5530.83,2026-06-24 05:00:00 UTC,yes,1
2026-06-25,KXHIGHNY-26JUN25-T86,Above 87F,87.0,,above,greater,0.015,1.0,2.0,472.72,2544.02,2026-06-25 05:00:00 UTC,no,0
2026-06-25,KXHIGHNY-26JUN25-T79,Below 78F,,78.0,below,less,0.015,1.0,2.0,483.13,1483.36,2026-06-25 05:00:00 UTC,no,0
2026-06-25,KXHIGHNY-26JUN25-B85.5,85-86F,85.0,86.0,between,between,0.035,3.0,4.0,465.26,1287.58,2026-06-25 05:00:00 UTC,no,0
2026-06-25,KXHIGHNY-26JUN25-B83.5,83-84F,83.0,84.0,between,between,0.255,25.0,26.0,442.69,2283.95,2026-06-25 05:00:00 UTC,yes,1
2026-06-25,KXHIGHNY-26JUN25-B81.5,81-82F,81.0,82.0,between,between,0.535,51.0,56.00000000000001,813.81,3888.43,2026-06-25 05:00:00 UTC,no,0
2026-06-25,KXHIGHNY-26JUN25-B79.5,79-80F,79.0,80.0,between,between,0.165,16.0,17.0,858.44,3832.2,2026-06-25 05:00:00 UTC,no,0
2026-06-26,KXHIGHNY-26JUN26-T88,Above 89F,89.0,,above,greater,0.005,0.0,1.0,3305.54,4157.57,2026-06-26 05:00:00 UTC,no,0
2026-06-26,KXHIGHNY-26JUN26-T81,Below 80F,,80.0,below,less,0.025,2.0,3.0,146.77,2379.12,2026-06-26 05:00:00 UTC,yes,1
2026-06-26,KXHIGHNY-26JUN26-B87.5,87-88F,87.0,88.0,between,between,0.045,4.0,5.0,57.0,1204.46,2026-06-26 05:00:00 UTC,no,0
2026-06-26,KXHIGHNY-26JUN26-B85.5,85-86F,85.0,86.0,between,between,0.415,41.0,42.0,505.83,2008.32,2026-06-26 05:00:00 UTC,no,0
2026-06-26,KXHIGHNY-26JUN26-B83.5,83-84F,83.0,84.0,between,between,0.365,36.0,37.0,69.85,2110.79,2026-06-26 05:00:00 UTC,no,0
2026-06-26,KXHIGHNY-26JUN26-B81.5,81-82F,81.0,82.0,between,between,0.205,20.0,21.0,280.99,1669.7,2026-06-26 05:00:00 UTC,no,0
2026-06-27,KXHIGHNY-26JUN27-T83,Above 84F,84.0,,above,greater,0.005,0.0,1.0,0.0,3519.1,2026-06-27 05:00:00 UTC,no,0
2026-06-27,KXHIGHNY-26JUN27-T76,Below 75F,,75.0,below,less,0.085,8.0,9.0,558.82,2608.92,2026-06-27 05:00:00 UTC,no,0
2026-06-27,KXHIGHNY-26JUN27-B82.5,82-83F,82.0,83.0,between,between,0.015,1.0,2.0,154.19,1494.58,2026-06-27 05:00:00 UTC,no,0
2026-06-27,KXHIGHNY-26JUN27-B80.5,80-81F,80.0,81.0,between,between,0.225,21.0,24.0,2108.15,3781.81,2026-06-27 05:00:00 UTC,no,0
2026-06-27,KXHIGHNY-26JUN27-B78.5,78-79F,78.0,79.0,between,between,0.315,28.999999999999996,34.0,219.93,2144.19,2026-06-27 05:00:00 UTC,yes,1
2026-06-27,KXHIGHNY-26JUN27-B76.5,76-77F,76.0,77.0,between,between,0.355,35.0,36.0,1535.75,2959.32,2026-06-27 05:00:00 UTC,no,0
2026-06-28,KXHIGHNY-26JUN28-T84,Above 85F,85.0,,above,greater,0.015,1.0,2.0,90.84,1592.43,2026-06-28 05:00:00 UTC,no,0
2026-06-28,KXHIGHNY-26JUN28-T77,Below 76F,,76.0,below,less,0.015,1.0,2.0,357.63,2377.3,2026-06-28 05:00:00 UTC,no,0
2026-06-28,KXHIGHNY-26JUN28-B83.5,83-84F,83.0,84.0,between,between,0.165,16.0,17.0,405.91,2350.03,2026-06-28 05:00:00 UTC,no,0
2026-06-28,KXHIGHNY-26JUN28-B81.5,81-82F,81.0,82.0,between,between,0.545,54.0,55.00000000000001,425.68,2950.16,2026-06-28 05:00:00 UTC,yes,1
2026-06-28,KXHIGHNY-26JUN28-B79.5,79-80F,79.0,80.0,between,between,0.245,24.0,25.0,458.74,3131.06,2026-06-28 05:00:00 UTC,no,0
2026-06-28,KXHIGHNY-26JUN28-B77.5,77-78F,77.0,78.0,between,between,0.065,6.0,7.000000000000001,457.48,3048.08,2026-06-28 05:00:00 UTC,no,0
2026-06-29,KXHIGHNY-26JUN29-T86,Above 87F,87.0,,above,greater,0.255,25.0,26.0,286.63,3873.9,2026-06-29 05:00:00 UTC,yes,1
2026-06-29,KXHIGHNY-26JUN29-T79,Below 78F,,78.0,below,less,0.005,0.0,1.0,0.0,3114.62,2026-06-29 05:00:00 UTC,no,0
2026-06-29,KXHIGHNY-26JUN29-B85.5,85-86F,85.0,86.0,between,between,0.535,53.0,54.0,383.91,4246.24,2026-06-29 05:00:00 UTC,no,0
2026-06-29,KXHIGHNY-26JUN29-B83.5,83-84F,83.0,84.0,between,between,0.22,21.0,23.0,200.7,3928.48,2026-06-29 05:00:00 UTC,no,0
2026-06-29,KXHIGHNY-26JUN29-B81.5,81-82F,81.0,82.0,between,between,0.025,2.0,3.0,456.2,2456.58,2026-06-29 05:00:00 UTC,no,0
2026-06-29,KXHIGHNY-26JUN29-B79.5,79-80F,79.0,80.0,between,between,0.015,1.0,2.0,951.67,3992.92,2026-06-29 05:00:00 UTC,no,0
2026-06-30,KXHIGHNY-26JUN30-T90,Above 91F,91.0,,above,greater,0.245,24.0,25.0,634.08,5206.76,2026-06-30 05:00:00 UTC,no,0
2026-06-30,KXHIGHNY-26JUN30-T83,Below 82F,,82.0,below,less,0.005,0.0,1.0,1.0,2196.61,2026-06-30 05:00:00 UTC,no,0
2026-06-30,KXHIGHNY-26JUN30-B89.5,89-90F,89.0,90.0,between,between,0.425,42.0,43.0,275.51,4443.48,2026-06-30 05:00:00 UTC,no,0
2026-06-30,KXHIGHNY-26JUN30-B87.5,87-88F,87.0,88.0,between,between,0.355,35.0,36.0,311.65,4444.45,2026-06-30 05:00:00 UTC,yes,1
2026-06-30,KXHIGHNY-26JUN30-B85.5,85-86F,85.0,86.0,between,between,0.045,4.0,5.0,850.36,3126.6,2026-06-30 05:00:00 UTC,no,0
2026-06-30,KXHIGHNY-26JUN30-B83.5,83-84F,83.0,84.0,between,between,0.005,0.0,1.0,195.0,3233.35,2026-06-30 05:00:00 UTC,no,0
2026-07-01,KXHIGHNY-26JUL01-T99,Above 100F,100.0,,above,greater,0.005,0.0,1.0,4333.81,6912.49,2026-07-01 05:00:00 UTC,no,0
2026-07-01,KXHIGHNY-26JUL01-T92,Below 91F,,91.0,below,less,0.075,7.000000000000001,8.0,463.48,4711.96,2026-07-01 05:00:00 UTC,no,0
2026-07-01,KXHIGHNY-26JUL01-B98.5,98-99F,98.0,99.0,between,between,0.015,1.0,2.0,159.65,1380.79,2026-07-01 05:00:00 UTC,no,0
2026-07-01,KXHIGHNY-26JUL01-B96.5,96-97F,96.0,97.0,between,between,0.135,13.0,14.000000000000002,402.49,2985.48,2026-07-01 05:00:00 UTC,no,0
2026-07-01,KXHIGHNY-26JUL01-B94.5,94-95F,94.0,95.0,between,between,0.445,44.0,45.0,344.88,3534.4,2026-07-01 05:00:00 UTC,no,0
2026-07-01,KXHIGHNY-26JUL01-B92.5,92-93F,92.0,93.0,between,between,0.365,36.0,37.0,999.09,4231.17,2026-07-01 05:00:00 UTC,yes,1
2026-07-02,KXHIGHNY-26JUL02-T99,Below 98F,,98.0,below,less,0.415,41.0,42.0,1117.68,8708.55,2026-07-02 05:00:00 UTC,no,0
2026-07-02,KXHIGHNY-26JUL02-T106,Above 107F,107.0,,above,greater,0.005,0.0,1.0,0.0,8592.84,2026-07-02 05:00:00 UTC,no,0
2026-07-02,KXHIGHNY-26JUL02-B99.5,99-100F,99.0,100.0,between,between,0.41,40.0,42.0,803.92,5686.82,2026-07-02 05:00:00 UTC,yes,1
2026-07-02,KXHIGHNY-26JUL02-B105.5,105-106F,105.0,106.0,between,between,0.005,0.0,1.0,176.08,9809.1,2026-07-02 05:00:00 UTC,no,0
2026-07-02,KXHIGHNY-26JUL02-B103.5,103-104F,103.0,104.0,between,between,0.05,4.0,6.0,806.89,9499.57,2026-07-02 05:00:00 UTC,no,0
2026-07-02,KXHIGHNY-26JUL02-B101.5,101-102F,101.0,102.0,between,between,0.165,16.0,17.0,1371.61,6640.46,2026-07-02 05:00:00 UTC,no,0
2026-07-03,KXHIGHNY-26JUL03-T98,Below 97F,,97.0,below,less,0.045,4.0,5.0,375.41,3273.22,2026-07-03 05:00:00 UTC,no,0
2026-07-03,KXHIGHNY-26JUL03-T105,Above 106F,106.0,,above,greater,0.005,0.0,1.0,0.0,2697.17,2026-07-03 05:00:00 UTC,no,0
2026-07-03,KXHIGHNY-26JUL03-B98.5,98-99F,98.0,99.0,between,between,0.35,34.0,36.0,167.45,4716.91,2026-07-03 05:00:00 UTC,yes,1
2026-07-03,KXHIGHNY-26JUL03-B104.5,104-105F,104.0,105.0,between,between,0.025,2.0,3.0,546.18,2082.39,2026-07-03 05:00:00 UTC,no,0
2026-07-03,KXHIGHNY-26JUL03-B102.5,102-103F,102.0,103.0,between,between,0.125,12.0,13.0,115.66,3033.18,2026-07-03 05:00:00 UTC,no,0
2026-07-03,KXHIGHNY-26JUL03-B100.5,100-101F,100.0,101.0,between,between,0.455,45.0,46.0,256.53,4954.88,2026-07-03 05:00:00 UTC,no,0
2026-07-04,KXHIGHNY-26JUL04-T98,Below 97F,,97.0,below,less,0.915,91.0,92.0,254.23,4835.55,2026-07-04 05:00:00 UTC,yes,1
2026-07-04,KXHIGHNY-26JUL04-T105,Above 106F,106.0,,above,greater,0.005,0.0,1.0,0.0,1620.5,2026-07-04 05:00:00 UTC,no,0
2026-07-04,KXHIGHNY-26JUL04-B98.5,98-99F,98.0,99.0,between,between,0.085,8.0,9.0,1324.14,3744.55,2026-07-04 05:00:00 UTC,no,0
2026-07-04,KXHIGHNY-26JUL04-B104.5,104-105F,104.0,105.0,between,between,0.005,0.0,1.0,0.0,1970.7,2026-07-04 05:00:00 UTC,no,0
2026-07-04,KXHIGHNY-26JUL04-B102.5,102-103F,102.0,103.0,between,between,0.005,0.0,1.0,13.0,2005.0,2026-07-04 05:00:00 UTC,no,0
2026-07-04,KXHIGHNY-26JUL04-B100.5,100-101F,100.0,101.0,between,between,0.01,0.0,2.0,408.21,4473.22,2026-07-04 05:00:00 UTC,no,0
2026-07-05,KXHIGHNY-26JUL05-T91,Above 92F,92.0,,above,greater,0.005,0.0,1.0,0.0,3683.54,2026-07-05 05:00:00 UTC,no,0
2026-07-05,KXHIGHNY-26JUL05-T84,Below 83F,,83.0,below,less,0.69,68.0,70.0,1403.89,4291.12,2026-07-05 05:00:00 UTC,yes,1
2026-07-05,KXHIGHNY-26JUL05-B90.5,90-91F,90.0,91.0,between,between,0.015,1.0,2.0,196.36,1539.54,2026-07-05 05:00:00 UTC,no,0
2026-07-05,KXHIGHNY-26JUL05-B88.5,88-89F,88.0,89.0,between,between,0.015,1.0,2.0,193.36,743.73,2026-07-05 05:00:00 UTC,no,0
2026-07-05,KXHIGHNY-26JUL05-B86.5,86-87F,86.0,87.0,between,between,0.065,6.0,7.000000000000001,715.35,2243.79,2026-07-05 05:00:00 UTC,no,0
2026-07-05,KXHIGHNY-26JUL05-B84.5,84-85F,84.0,85.0,between,between,0.245,24.0,25.0,1097.33,3127.59,2026-07-05 05:00:00 UTC,no,0
2026-07-06,KXHIGHNY-26JUL06-T82,Above 83F,83.0,,above,greater,0.005,0.0,1.0,0.0,3663.81,2026-07-06 05:00:00 UTC,no,0
2026-07-06,KXHIGHNY-26JUL06-T75,Below 74F,,74.0,below,less,0.895,89.0,90.0,692.39,8436.74,2026-07-06 05:00:00 UTC,yes,1
2026-07-06,KXHIGHNY-26JUL06-B81.5,81-82F,81.0,82.0,between,between,0.005,0.0,1.0,187.03,2505.59,2026-07-06 05:00:00 UTC,no,0
2026-07-06,KXHIGHNY-26JUL06-B79.5,79-80F,79.0,80.0,between,between,0.005,0.0,1.0,0.0,1516.17,2026-07-06 05:00:00 UTC,no,0
2026-07-06,KXHIGHNY-26JUL06-B77.5,77-78F,77.0,78.0,between,between,0.015,1.0,2.0,377.15,2407.75,2026-07-06 05:00:00 UTC,no,0
2026-07-06,KXHIGHNY-26JUL06-B75.5,75-76F,75.0,76.0,between,between,0.105,10.0,11.0,779.98,3222.82,2026-07-06 05:00:00 UTC,no,0
2026-07-07,KXHIGHNY-26JUL07-T82,Above 83F,83.0,,above,greater,0.005,0.0,1.0,0.0,2267.9,2026-07-07 05:00:00 UTC,no,0
2026-07-07,KXHIGHNY-26JUL07-T75,Below 74F,,74.0,below,less,0.915,91.0,92.0,1184.54,7679.26,2026-07-07 05:00:00 UTC,yes,1
2026-07-07,KXHIGHNY-26JUL07-B81.5,81-82F,81.0,82.0,between,between,0.005,0.0,1.0,0.0,2526.07,2026-07-07 05:00:00 UTC,no,0
2026-07-07,KXHIGHNY-26JUL07-B79.5,79-80F,79.0,80.0,between,between,0.005,0.0,1.0,0.0,1626.8,2026-07-07 05:00:00 UTC,no,0
2026-07-07,KXHIGHNY-26JUL07-B77.5,77-78F,77.0,78.0,between,between,0.015,1.0,2.0,312.24,2139.97,2026-07-07 05:00:00 UTC,no,0
2026-07-07,KXHIGHNY-26JUL07-B75.5,75-76F,75.0,76.0,between,between,0.075,7.000000000000001,8.0,373.17,2378.61,2026-07-07 05:00:00 UTC,no,0
