strategy_name,n_trades,n_days,total_pnl,roi,sharpe_ratio,max_drawdown,win_rate,avg_ev
S0271_ev0.02_fractional_kelly_kf0.10_fee0.05_mp0.05_br10000,600,1095,2256.652900220638,0.2256652900220638,2.926264493978685,205.48679466868998,0.49166666666666664,0.06472610906851266
S0274_ev0.02_fractional_kelly_kf0.10_fee0.05_mp0.10_br10000,600,1095,2256.652900220638,0.2256652900220638,2.926264493978685,205.48679466868998,0.49166666666666664,0.06472610906851266
S0277_ev0.02_fractional_kelly_kf0.10_fee0.05_mp0.15_br10000,600,1095,2256.652900220638,0.2256652900220638,2.926264493978685,205.48679466868998,0.49166666666666664,0.06472610906851266
S0297_ev0.02_fractional_kelly_kf0.20_fee0.05_mp0.05_br5000,600,1095,2256.652900220638,0.4513305800441276,2.926264493978685,205.48679466868998,0.49166666666666664,0.06472610906851266
S0300_ev0.02_fractional_kelly_kf0.20_fee0.05_mp0.10_br5000,600,1095,2256.652900220638,0.4513305800441276,2.926264493978685,205.48679466868998,0.49166666666666664,0.06472610906851266
S0303_ev0.02_fractional_kelly_kf0.20_fee0.05_mp0.15_br5000,600,1095,2256.652900220638,0.4513305800441276,2.926264493978685,205.48679466868998,0.49166666666666664,0.06472610906851266
S0243_ev0.02_proportional_kf0.10_fee0.05_mp0.05_br5000,600,1095,2245.965625380757,0.4491931250761514,2.865181978430841,216.6396132280879,0.49166666666666664,0.06472610906851266
S0244_ev0.02_proportional_kf0.10_fee0.05_mp0.05_br10000,600,1095,2245.965625380757,0.2245965625380757,2.865181978430841,216.6396132280879,0.49166666666666664,0.06472610906851266
S0245_ev0.02_proportional_kf0.10_fee0.05_mp0.05_br25000,600,1095,2245.965625380757,0.08983862501523028,2.865181978430841,216.6396132280879,0.49166666666666664,0.06472610906851266
S0246_ev0.02_proportional_kf0.10_fee0.05_mp0.10_br5000,600,1095,2245.965625380757,0.4491931250761514,2.865181978430841,216.6396132280879,0.49166666666666664,0.06472610906851266
S0247_ev0.02_proportional_kf0.10_fee0.05_mp0.10_br10000,600,1095,2245.965625380757,0.2245965625380757,2.865181978430841,216.6396132280879,0.49166666666666664,0.06472610906851266
S0248_ev0.02_proportional_kf0.10_fee0.05_mp0.10_br25000,600,1095,2245.965625380757,0.08983862501523028,2.865181978430841,216.6396132280879,0.49166666666666664,0.06472610906851266
S0249_ev0.02_proportional_kf0.10_fee0.05_mp0.15_br5000,600,1095,2245.965625380757,0.4491931250761514,2.865181978430841,216.6396132280879,0.49166666666666664,0.06472610906851266
S0250_ev0.02_proportional_kf0.10_fee0.05_mp0.15_br10000,600,1095,2245.965625380757,0.2245965625380757,2.865181978430841,216.6396132280879,0.49166666666666664,0.06472610906851266
S0251_ev0.02_proportional_kf0.10_fee0.05_mp0.15_br25000,600,1095,2245.965625380757,0.08983862501523028,2.865181978430841,216.6396132280879,0.49166666666666664,0.06472610906851266
S0272_ev0.02_fractional_kelly_kf0.10_fee0.05_mp0.05_br25000,600,1095,2245.965625380757,0.08983862501523028,2.865181978430841,216.6396132280879,0.49166666666666664,0.06472610906851266
S0275_ev0.02_fractional_kelly_kf0.10_fee0.05_mp0.10_br25000,600,1095,2245.965625380757,0.08983862501523028,2.865181978430841,216.6396132280879,0.49166666666666664,0.06472610906851266
S0278_ev0.02_fractional_kelly_kf0.10_fee0.05_mp0.15_br25000,600,1095,2245.965625380757,0.08983862501523028,2.865181978430841,216.6396132280879,0.49166666666666664,0.06472610906851266
S0299_ev0.02_fractional_kelly_kf0.20_fee0.05_mp0.05_br25000,600,1095,2245.965625380757,0.08983862501523028,2.865181978430841,216.6396132280879,0.49166666666666664,0.06472610906851266
S0302_ev0.02_fractional_kelly_kf0.20_fee0.05_mp0.10_br25000,600,1095,2245.965625380757,0.08983862501523028,2.865181978430841,216.6396132280879,0.49166666666666664,0.06472610906851266
S0305_ev0.02_fractional_kelly_kf0.20_fee0.05_mp0.15_br25000,600,1095,2245.965625380757,0.08983862501523028,2.865181978430841,216.6396132280879,0.49166666666666664,0.06472610906851266
S0325_ev0.02_fractional_kelly_kf0.25_fee0.05_mp0.05_br10000,600,1095,2245.965625380757,0.2245965625380757,2.865181978430841,216.6396132280879,0.49166666666666664,0.06472610906851266
S0326_ev0.02_fractional_kelly_kf0.25_fee0.05_mp0.05_br25000,600,1095,2245.965625380757,0.08983862501523028,2.865181978430841,216.6396132280879,0.49166666666666664,0.06472610906851266
S0328_ev0.02_fractional_kelly_kf0.25_fee0.05_mp0.10_br10000,600,1095,2245.965625380757,0.2245965625380757,2.865181978430841,216.6396132280879,0.49166666666666664,0.06472610906851266
S0329_ev0.02_fractional_kelly_kf0.25_fee0.05_mp0.10_br25000,600,1095,2245.965625380757,0.08983862501523028,2.865181978430841,216.6396132280879,0.49166666666666664,0.06472610906851266
S0331_ev0.02_fractional_kelly_kf0.25_fee0.05_mp0.15_br10000,600,1095,2245.965625380757,0.2245965625380757,2.865181978430841,216.6396132280879,0.49166666666666664,0.06472610906851266
S0332_ev0.02_fractional_kelly_kf0.25_fee0.05_mp0.15_br25000,600,1095,2245.965625380757,0.08983862501523028,2.865181978430841,216.6396132280879,0.49166666666666664,0.06472610906851266
S0351_ev0.02_capped_kelly_kf0.10_fee0.05_mp0.05_br5000,600,1095,2245.965625380757,0.4491931250761514,2.865181978430841,216.6396132280879,0.49166666666666664,0.06472610906851266
S0352_ev0.02_capped_kelly_kf0.10_fee0.05_mp0.05_br10000,600,1095,2245.965625380757,0.2245965625380757,2.865181978430841,216.6396132280879,0.49166666666666664,0.06472610906851266
S0353_ev0.02_capped_kelly_kf0.10_fee0.05_mp0.05_br25000,600,1095,2245.965625380757,0.08983862501523028,2.865181978430841,216.6396132280879,0.49166666666666664,0.06472610906851266
S0354_ev0.02_capped_kelly_kf0.10_fee0.05_mp0.10_br5000,600,1095,2245.965625380757,0.4491931250761514,2.865181978430841,216.6396132280879,0.49166666666666664,0.06472610906851266
S0355_ev0.02_capped_kelly_kf0.10_fee0.05_mp0.10_br10000,600,1095,2245.965625380757,0.2245965625380757,2.865181978430841,216.6396132280879,0.49166666666666664,0.06472610906851266
S0356_ev0.02_capped_kelly_kf0.10_fee0.05_mp0.10_br25000,600,1095,2245.965625380757,0.08983862501523028,2.865181978430841,216.6396132280879,0.49166666666666664,0.06472610906851266
S0357_ev0.02_capped_kelly_kf0.10_fee0.05_mp0.15_br5000,600,1095,2245.965625380757,0.4491931250761514,2.865181978430841,216.6396132280879,0.49166666666666664,0.06472610906851266
S0358_ev0.02_capped_kelly_kf0.10_fee0.05_mp0.15_br10000,600,1095,2245.965625380757,0.2245965625380757,2.865181978430841,216.6396132280879,0.49166666666666664,0.06472610906851266
S0359_ev0.02_capped_kelly_kf0.10_fee0.05_mp0.15_br25000,600,1095,2245.965625380757,0.08983862501523028,2.865181978430841,216.6396132280879,0.49166666666666664,0.06472610906851266
S0378_ev0.02_capped_kelly_kf0.20_fee0.05_mp0.05_br5000,600,1095,2245.965625380757,0.4491931250761514,2.865181978430841,216.6396132280879,0.49166666666666664,0.06472610906851266
S0379_ev0.02_capped_kelly_kf0.20_fee0.05_mp0.05_br10000,600,1095,2245.965625380757,0.2245965625380757,2.865181978430841,216.6396132280879,0.49166666666666664,0.06472610906851266
S0380_ev0.02_capped_kelly_kf0.20_fee0.05_mp0.05_br25000,600,1095,2245.965625380757,0.08983862501523028,2.865181978430841,216.6396132280879,0.49166666666666664,0.06472610906851266
S0381_ev0.02_capped_kelly_kf0.20_fee0.05_mp0.10_br5000,600,1095,2245.965625380757,0.4491931250761514,2.865181978430841,216.6396132280879,0.49166666666666664,0.06472610906851266
S0382_ev0.02_capped_kelly_kf0.20_fee0.05_mp0.10_br10000,600,1095,2245.965625380757,0.2245965625380757,2.865181978430841,216.6396132280879,0.49166666666666664,0.06472610906851266
S0383_ev0.02_capped_kelly_kf0.20_fee0.05_mp0.10_br25000,600,1095,2245.965625380757,0.08983862501523028,2.865181978430841,216.6396132280879,0.49166666666666664,0.06472610906851266
S0384_ev0.02_capped_kelly_kf0.20_fee0.05_mp0.15_br5000,600,1095,2245.965625380757,0.4491931250761514,2.865181978430841,216.6396132280879,0.49166666666666664,0.06472610906851266
S0385_ev0.02_capped_kelly_kf0.20_fee0.05_mp0.15_br10000,600,1095,2245.965625380757,0.2245965625380757,2.865181978430841,216.6396132280879,0.49166666666666664,0.06472610906851266
S0386_ev0.02_capped_kelly_kf0.20_fee0.05_mp0.15_br25000,600,1095,2245.965625380757,0.08983862501523028,2.865181978430841,216.6396132280879,0.49166666666666664,0.06472610906851266
S0405_ev0.02_capped_kelly_kf0.25_fee0.05_mp0.05_br5000,600,1095,2245.965625380757,0.4491931250761514,2.865181978430841,216.6396132280879,0.49166666666666664,0.06472610906851266
S0406_ev0.02_capped_kelly_kf0.25_fee0.05_mp0.05_br10000,600,1095,2245.965625380757,0.2245965625380757,2.865181978430841,216.6396132280879,0.49166666666666664,0.06472610906851266
S0407_ev0.02_capped_kelly_kf0.25_fee0.05_mp0.05_br25000,600,1095,2245.965625380757,0.08983862501523028,2.865181978430841,216.6396132280879,0.49166666666666664,0.06472610906851266
S0408_ev0.02_capped_kelly_kf0.25_fee0.05_mp0.10_br5000,600,1095,2245.965625380757,0.4491931250761514,2.865181978430841,216.6396132280879,0.49166666666666664,0.06472610906851266
S0409_ev0.02_capped_kelly_kf0.25_fee0.05_mp0.10_br10000,600,1095,2245.965625380757,0.2245965625380757,2.865181978430841,216.6396132280879,0.49166666666666664,0.06472610906851266
S0410_ev0.02_capped_kelly_kf0.25_fee0.05_mp0.10_br25000,600,1095,2245.965625380757,0.08983862501523028,2.865181978430841,216.6396132280879,0.49166666666666664,0.06472610906851266
S0411_ev0.02_capped_kelly_kf0.25_fee0.05_mp0.15_br5000,600,1095,2245.965625380757,0.4491931250761514,2.865181978430841,216.6396132280879,0.49166666666666664,0.06472610906851266
S0412_ev0.02_capped_kelly_kf0.25_fee0.05_mp0.15_br10000,600,1095,2245.965625380757,0.2245965625380757,2.865181978430841,216.6396132280879,0.49166666666666664,0.06472610906851266
S0413_ev0.02_capped_kelly_kf0.25_fee0.05_mp0.15_br25000,600,1095,2245.965625380757,0.08983862501523028,2.865181978430841,216.6396132280879,0.49166666666666664,0.06472610906851266
S0298_ev0.02_fractional_kelly_kf0.20_fee0.05_mp0.05_br10000,600,1095,2243.489730572531,0.22434897305725307,2.8632868122288975,216.62961322808724,0.49166666666666664,0.06472610906851266
S0301_ev0.02_fractional_kelly_kf0.20_fee0.05_mp0.10_br10000,600,1095,2243.489730572531,0.22434897305725307,2.8632868122288975,216.62961322808724,0.49166666666666664,0.06472610906851266
S0304_ev0.02_fractional_kelly_kf0.20_fee0.05_mp0.15_br10000,600,1095,2243.489730572531,0.22434897305725307,2.8632868122288975,216.62961322808724,0.49166666666666664,0.06472610906851266
S0324_ev0.02_fractional_kelly_kf0.25_fee0.05_mp0.05_br5000,600,1095,2241.123090935805,0.44822461818716103,2.8763077636329335,213.21003787265272,0.49166666666666664,0.06472610906851266
S0327_ev0.02_fractional_kelly_kf0.25_fee0.05_mp0.10_br5000,600,1095,2241.123090935805,0.44822461818716103,2.8763077636329335,213.21003787265272,0.49166666666666664,0.06472610906851266
S0330_ev0.02_fractional_kelly_kf0.25_fee0.05_mp0.15_br5000,600,1095,2241.123090935805,0.44822461818716103,2.8763077636329335,213.21003787265272,0.49166666666666664,0.06472610906851266
S0055_ev0.01_fractional_kelly_kf0.10_fee0.05_mp0.05_br10000,704,1095,2176.657466728445,0.2176657466728445,2.529658155389139,241.00028582570326,0.4758522727272727,0.057335226283556404
S0058_ev0.01_fractional_kelly_kf0.10_fee0.05_mp0.10_br10000,704,1095,2176.657466728445,0.2176657466728445,2.529658155389139,241.00028582570326,0.4758522727272727,0.057335226283556404
S0061_ev0.01_fractional_kelly_kf0.10_fee0.05_mp0.15_br10000,704,1095,2176.657466728445,0.2176657466728445,2.529658155389139,241.00028582570326,0.4758522727272727,0.057335226283556404
S0081_ev0.01_fractional_kelly_kf0.20_fee0.05_mp0.05_br5000,704,1095,2176.657466728445,0.435331493345689,2.529658155389139,241.00028582570326,0.4758522727272727,0.057335226283556404
S0084_ev0.01_fractional_kelly_kf0.20_fee0.05_mp0.10_br5000,704,1095,2176.657466728445,0.435331493345689,2.529658155389139,241.00028582570326,0.4758522727272727,0.057335226283556404
S0087_ev0.01_fractional_kelly_kf0.20_fee0.05_mp0.15_br5000,704,1095,2176.657466728445,0.435331493345689,2.529658155389139,241.00028582570326,0.4758522727272727,0.057335226283556404
S0108_ev0.01_fractional_kelly_kf0.25_fee0.05_mp0.05_br5000,704,1095,2127.871212240224,0.4255742424480448,2.420965567059263,260.0484515555679,0.4758522727272727,0.057335226283556404
S0111_ev0.01_fractional_kelly_kf0.25_fee0.05_mp0.10_br5000,704,1095,2127.871212240224,0.4255742424480448,2.420965567059263,260.0484515555679,0.4758522727272727,0.057335226283556404
S0114_ev0.01_fractional_kelly_kf0.25_fee0.05_mp0.15_br5000,704,1095,2127.871212240224,0.4255742424480448,2.420965567059263,260.0484515555679,0.4758522727272727,0.057335226283556404
S0082_ev0.01_fractional_kelly_kf0.20_fee0.05_mp0.05_br10000,704,1095,2081.99246377975,0.208199246377975,2.304863090363444,282.44010226865225,0.4758522727272727,0.057335226283556404
S0085_ev0.01_fractional_kelly_kf0.20_fee0.05_mp0.10_br10000,704,1095,2081.99246377975,0.208199246377975,2.304863090363444,282.44010226865225,0.4758522727272727,0.057335226283556404
S0088_ev0.01_fractional_kelly_kf0.20_fee0.05_mp0.15_br10000,704,1095,2081.99246377975,0.208199246377975,2.304863090363444,282.44010226865225,0.4758522727272727,0.057335226283556404
S0056_ev0.01_fractional_kelly_kf0.10_fee0.05_mp0.05_br25000,704,1095,2065.4220634836997,0.08261688253934799,2.2819493052738427,284.7145242673457,0.4758522727272727,0.057335226283556404
S0059_ev0.01_fractional_kelly_kf0.10_fee0.05_mp0.10_br25000,704,1095,2065.4220634836997,0.08261688253934799,2.2819493052738427,284.7145242673457,0.4758522727272727,0.057335226283556404
S0062_ev0.01_fractional_kelly_kf0.10_fee0.05_mp0.15_br25000,704,1095,2065.4220634836997,0.08261688253934799,2.2819493052738427,284.7145242673457,0.4758522727272727,0.057335226283556404
S0109_ev0.01_fractional_kelly_kf0.25_fee0.05_mp0.05_br10000,704,1095,2065.4220634836997,0.20654220634836998,2.2819493052738427,284.7145242673457,0.4758522727272727,0.057335226283556404
S0112_ev0.01_fractional_kelly_kf0.25_fee0.05_mp0.10_br10000,704,1095,2065.4220634836997,0.20654220634836998,2.2819493052738427,284.7145242673457,0.4758522727272727,0.057335226283556404
S0115_ev0.01_fractional_kelly_kf0.25_fee0.05_mp0.15_br10000,704,1095,2065.4220634836997,0.20654220634836998,2.2819493052738427,284.7145242673457,0.4758522727272727,0.057335226283556404
S0027_ev0.01_proportional_kf0.10_fee0.05_mp0.05_br5000,704,1095,2054.08900490579,0.41081780098115794,2.2686768242193613,285.1545242673458,0.4758522727272727,0.057335226283556404
S0028_ev0.01_proportional_kf0.10_fee0.05_mp0.05_br10000,704,1095,2054.08900490579,0.20540890049057897,2.2686768242193613,285.1545242673458,0.4758522727272727,0.057335226283556404
S0029_ev0.01_proportional_kf0.10_fee0.05_mp0.05_br25000,704,1095,2054.08900490579,0.0821635601962316,2.2686768242193613,285.1545242673458,0.4758522727272727,0.057335226283556404
S0030_ev0.01_proportional_kf0.10_fee0.05_mp0.10_br5000,704,1095,2054.08900490579,0.41081780098115794,2.2686768242193613,285.1545242673458,0.4758522727272727,0.057335226283556404
S0031_ev0.01_proportional_kf0.10_fee0.05_mp0.10_br10000,704,1095,2054.08900490579,0.20540890049057897,2.2686768242193613,285.1545242673458,0.4758522727272727,0.057335226283556404
S0032_ev0.01_proportional_kf0.10_fee0.05_mp0.10_br25000,704,1095,2054.08900490579,0.0821635601962316,2.2686768242193613,285.1545242673458,0.4758522727272727,0.057335226283556404
S0033_ev0.01_proportional_kf0.10_fee0.05_mp0.15_br5000,704,1095,2054.08900490579,0.41081780098115794,2.2686768242193613,285.1545242673458,0.4758522727272727,0.057335226283556404
S0034_ev0.01_proportional_kf0.10_fee0.05_mp0.15_br10000,704,1095,2054.08900490579,0.20540890049057897,2.2686768242193613,285.1545242673458,0.4758522727272727,0.057335226283556404
S0035_ev0.01_proportional_kf0.10_fee0.05_mp0.15_br25000,704,1095,2054.08900490579,0.0821635601962316,2.2686768242193613,285.1545242673458,0.4758522727272727,0.057335226283556404
S0083_ev0.01_fractional_kelly_kf0.20_fee0.05_mp0.05_br25000,704,1095,2054.08900490579,0.0821635601962316,2.2686768242193613,285.1545242673458,0.4758522727272727,0.057335226283556404
S0086_ev0.01_fractional_kelly_kf0.20_fee0.05_mp0.10_br25000,704,1095,2054.08900490579,0.0821635601962316,2.2686768242193613,285.1545242673458,0.4758522727272727,0.057335226283556404
S0089_ev0.01_fractional_kelly_kf0.20_fee0.05_mp0.15_br25000,704,1095,2054.08900490579,0.0821635601962316,2.2686768242193613,285.1545242673458,0.4758522727272727,0.057335226283556404
S0110_ev0.01_fractional_kelly_kf0.25_fee0.05_mp0.05_br25000,704,1095,2054.08900490579,0.0821635601962316,2.2686768242193613,285.1545242673458,0.4758522727272727,0.057335226283556404
S0113_ev0.01_fractional_kelly_kf0.25_fee0.05_mp0.10_br25000,704,1095,2054.08900490579,0.0821635601962316,2.2686768242193613,285.1545242673458,0.4758522727272727,0.057335226283556404
S0116_ev0.01_fractional_kelly_kf0.25_fee0.05_mp0.15_br25000,704,1095,2054.08900490579,0.0821635601962316,2.2686768242193613,285.1545242673458,0.4758522727272727,0.057335226283556404
S0135_ev0.01_capped_kelly_kf0.10_fee0.05_mp0.05_br5000,704,1095,2054.08900490579,0.41081780098115794,2.2686768242193613,285.1545242673458,0.4758522727272727,0.057335226283556404
S0136_ev0.01_capped_kelly_kf0.10_fee0.05_mp0.05_br10000,704,1095,2054.08900490579,0.20540890049057897,2.2686768242193613,285.1545242673458,0.4758522727272727,0.057335226283556404
S0137_ev0.01_capped_kelly_kf0.10_fee0.05_mp0.05_br25000,704,1095,2054.08900490579,0.0821635601962316,2.2686768242193613,285.1545242673458,0.4758522727272727,0.057335226283556404
S0138_ev0.01_capped_kelly_kf0.10_fee0.05_mp0.10_br5000,704,1095,2054.08900490579,0.41081780098115794,2.2686768242193613,285.1545242673458,0.4758522727272727,0.057335226283556404
S0139_ev0.01_capped_kelly_kf0.10_fee0.05_mp0.10_br10000,704,1095,2054.08900490579,0.20540890049057897,2.2686768242193613,285.1545242673458,0.4758522727272727,0.057335226283556404
S0140_ev0.01_capped_kelly_kf0.10_fee0.05_mp0.10_br25000,704,1095,2054.08900490579,0.0821635601962316,2.2686768242193613,285.1545242673458,0.4758522727272727,0.057335226283556404
S0141_ev0.01_capped_kelly_kf0.10_fee0.05_mp0.15_br5000,704,1095,2054.08900490579,0.41081780098115794,2.2686768242193613,285.1545242673458,0.4758522727272727,0.057335226283556404
S0142_ev0.01_capped_kelly_kf0.10_fee0.05_mp0.15_br10000,704,1095,2054.08900490579,0.20540890049057897,2.2686768242193613,285.1545242673458,0.4758522727272727,0.057335226283556404
S0143_ev0.01_capped_kelly_kf0.10_fee0.05_mp0.15_br25000,704,1095,2054.08900490579,0.0821635601962316,2.2686768242193613,285.1545242673458,0.4758522727272727,0.057335226283556404
S0162_ev0.01_capped_kelly_kf0.20_fee0.05_mp0.05_br5000,704,1095,2054.08900490579,0.41081780098115794,2.2686768242193613,285.1545242673458,0.4758522727272727,0.057335226283556404
S0163_ev0.01_capped_kelly_kf0.20_fee0.05_mp0.05_br10000,704,1095,2054.08900490579,0.20540890049057897,2.2686768242193613,285.1545242673458,0.4758522727272727,0.057335226283556404
S0164_ev0.01_capped_kelly_kf0.20_fee0.05_mp0.05_br25000,704,1095,2054.08900490579,0.0821635601962316,2.2686768242193613,285.1545242673458,0.4758522727272727,0.057335226283556404
S0165_ev0.01_capped_kelly_kf0.20_fee0.05_mp0.10_br5000,704,1095,2054.08900490579,0.41081780098115794,2.2686768242193613,285.1545242673458,0.4758522727272727,0.057335226283556404
S0166_ev0.01_capped_kelly_kf0.20_fee0.05_mp0.10_br10000,704,1095,2054.08900490579,0.20540890049057897,2.2686768242193613,285.1545242673458,0.4758522727272727,0.057335226283556404
S0167_ev0.01_capped_kelly_kf0.20_fee0.05_mp0.10_br25000,704,1095,2054.08900490579,0.0821635601962316,2.2686768242193613,285.1545242673458,0.4758522727272727,0.057335226283556404
S0168_ev0.01_capped_kelly_kf0.20_fee0.05_mp0.15_br5000,704,1095,2054.08900490579,0.41081780098115794,2.2686768242193613,285.1545242673458,0.4758522727272727,0.057335226283556404
S0169_ev0.01_capped_kelly_kf0.20_fee0.05_mp0.15_br10000,704,1095,2054.08900490579,0.20540890049057897,2.2686768242193613,285.1545242673458,0.4758522727272727,0.057335226283556404
S0170_ev0.01_capped_kelly_kf0.20_fee0.05_mp0.15_br25000,704,1095,2054.08900490579,0.0821635601962316,2.2686768242193613,285.1545242673458,0.4758522727272727,0.057335226283556404
S0189_ev0.01_capped_kelly_kf0.25_fee0.05_mp0.05_br5000,704,1095,2054.08900490579,0.41081780098115794,2.2686768242193613,285.1545242673458,0.4758522727272727,0.057335226283556404
S0190_ev0.01_capped_kelly_kf0.25_fee0.05_mp0.05_br10000,704,1095,2054.08900490579,0.20540890049057897,2.2686768242193613,285.1545242673458,0.4758522727272727,0.057335226283556404
S0191_ev0.01_capped_kelly_kf0.25_fee0.05_mp0.05_br25000,704,1095,2054.08900490579,0.0821635601962316,2.2686768242193613,285.1545242673458,0.4758522727272727,0.057335226283556404
S0192_ev0.01_capped_kelly_kf0.25_fee0.05_mp0.10_br5000,704,1095,2054.08900490579,0.41081780098115794,2.2686768242193613,285.1545242673458,0.4758522727272727,0.057335226283556404
S0193_ev0.01_capped_kelly_kf0.25_fee0.05_mp0.10_br10000,704,1095,2054.08900490579,0.20540890049057897,2.2686768242193613,285.1545242673458,0.4758522727272727,0.057335226283556404
S0194_ev0.01_capped_kelly_kf0.25_fee0.05_mp0.10_br25000,704,1095,2054.08900490579,0.0821635601962316,2.2686768242193613,285.1545242673458,0.4758522727272727,0.057335226283556404
S0195_ev0.01_capped_kelly_kf0.25_fee0.05_mp0.15_br5000,704,1095,2054.08900490579,0.41081780098115794,2.2686768242193613,285.1545242673458,0.4758522727272727,0.057335226283556404
S0196_ev0.01_capped_kelly_kf0.25_fee0.05_mp0.15_br10000,704,1095,2054.08900490579,0.20540890049057897,2.2686768242193613,285.1545242673458,0.4758522727272727,0.057335226283556404
S0197_ev0.01_capped_kelly_kf0.25_fee0.05_mp0.15_br25000,704,1095,2054.08900490579,0.0821635601962316,2.2686768242193613,285.1545242673458,0.4758522727272727,0.057335226283556404
S0270_ev0.02_fractional_kelly_kf0.10_fee0.05_mp0.05_br5000,600,1095,1955.87601619377,0.391175203238754,2.864913797512629,187.35182724248244,0.49166666666666664,0.06472610906851266
S0273_ev0.02_fractional_kelly_kf0.10_fee0.05_mp0.10_br5000,600,1095,1955.87601619377,0.391175203238754,2.864913797512629,187.35182724248244,0.49166666666666664,0.06472610906851266
S0276_ev0.02_fractional_kelly_kf0.10_fee0.05_mp0.15_br5000,600,1095,1955.87601619377,0.391175203238754,2.864913797512629,187.35182724248244,0.49166666666666664,0.06472610906851266
S0054_ev0.01_fractional_kelly_kf0.10_fee0.05_mp0.05_br5000,704,1095,1949.4814275943743,0.38989628551887484,2.6057563561273343,191.28714753881349,0.4758522727272727,0.057335226283556404
S0057_ev0.01_fractional_kelly_kf0.10_fee0.05_mp0.10_br5000,704,1095,1949.4814275943743,0.38989628551887484,2.6057563561273343,191.28714753881349,0.4758522727272727,0.057335226283556404
S0060_ev0.01_fractional_kelly_kf0.10_fee0.05_mp0.15_br5000,704,1095,1949.4814275943743,0.38989628551887484,2.6057563561273343,191.28714753881349,0.4758522727272727,0.057335226283556404
S0065_ev0.01_fractional_kelly_kf0.10_fee0.07_mp0.05_br25000,612,1095,1903.0361093822746,0.07612144437529099,2.4589403751299717,227.22249689218916,0.45751633986928103,0.05452659318235039
S0068_ev0.01_fractional_kelly_kf0.10_fee0.07_mp0.10_br25000,612,1095,1903.0361093822746,0.07612144437529099,2.4589403751299717,227.22249689218916,0.45751633986928103,0.05452659318235039
S0071_ev0.01_fractional_kelly_kf0.10_fee0.07_mp0.15_br25000,612,1095,1903.0361093822746,0.07612144437529099,2.4589403751299717,227.22249689218916,0.45751633986928103,0.05452659318235039
S0118_ev0.01_fractional_kelly_kf0.25_fee0.07_mp0.05_br10000,612,1095,1903.0361093822746,0.19030361093822745,2.4589403751299717,227.22249689218916,0.45751633986928103,0.05452659318235039
S0121_ev0.01_fractional_kelly_kf0.25_fee0.07_mp0.10_br10000,612,1095,1903.0361093822746,0.19030361093822745,2.4589403751299717,227.22249689218916,0.45751633986928103,0.05452659318235039
S0124_ev0.01_fractional_kelly_kf0.25_fee0.07_mp0.15_br10000,612,1095,1903.0361093822746,0.19030361093822745,2.4589403751299717,227.22249689218916,0.45751633986928103,0.05452659318235039
S0117_ev0.01_fractional_kelly_kf0.25_fee0.07_mp0.05_br5000,612,1095,1897.8927279136087,0.37957854558272175,2.5193792869571197,208.1633152318634,0.45751633986928103,0.05452659318235039
S0120_ev0.01_fractional_kelly_kf0.25_fee0.07_mp0.10_br5000,612,1095,1897.8927279136087,0.37957854558272175,2.5193792869571197,208.1633152318634,0.45751633986928103,0.05452659318235039
S0123_ev0.01_fractional_kelly_kf0.25_fee0.07_mp0.15_br5000,612,1095,1897.8927279136087,0.37957854558272175,2.5193792869571197,208.1633152318634,0.45751633986928103,0.05452659318235039
S0091_ev0.01_fractional_kelly_kf0.20_fee0.07_mp0.05_br10000,612,1095,1897.6454582073961,0.18976454582073962,2.4603047250142596,226.43979729447392,0.45751633986928103,0.05452659318235039
S0094_ev0.01_fractional_kelly_kf0.20_fee0.07_mp0.10_br10000,612,1095,1897.6454582073961,0.18976454582073962,2.4603047250142596,226.43979729447392,0.45751633986928103,0.05452659318235039
S0097_ev0.01_fractional_kelly_kf0.20_fee0.07_mp0.15_br10000,612,1095,1897.6454582073961,0.18976454582073962,2.4603047250142596,226.43979729447392,0.45751633986928103,0.05452659318235039
S0036_ev0.01_proportional_kf0.10_fee0.07_mp0.05_br5000,612,1095,1897.2161661030318,0.37944323322060636,2.447996372358162,227.55776973778848,0.45751633986928103,0.05452659318235039
S0037_ev0.01_proportional_kf0.10_fee0.07_mp0.05_br10000,612,1095,1897.2161661030318,0.18972161661030318,2.447996372358162,227.55776973778848,0.45751633986928103,0.05452659318235039
S0038_ev0.01_proportional_kf0.10_fee0.07_mp0.05_br25000,612,1095,1897.2161661030318,0.07588864664412127,2.447996372358162,227.55776973778848,0.45751633986928103,0.05452659318235039
S0039_ev0.01_proportional_kf0.10_fee0.07_mp0.10_br5000,612,1095,1897.2161661030318,0.37944323322060636,2.447996372358162,227.55776973778848,0.45751633986928103,0.05452659318235039
S0040_ev0.01_proportional_kf0.10_fee0.07_mp0.10_br10000,612,1095,1897.2161661030318,0.18972161661030318,2.447996372358162,227.55776973778848,0.45751633986928103,0.05452659318235039
S0041_ev0.01_proportional_kf0.10_fee0.07_mp0.10_br25000,612,1095,1897.2161661030318,0.07588864664412127,2.447996372358162,227.55776973778848,0.45751633986928103,0.05452659318235039
S0042_ev0.01_proportional_kf0.10_fee0.07_mp0.15_br5000,612,1095,1897.2161661030318,0.37944323322060636,2.447996372358162,227.55776973778848,0.45751633986928103,0.05452659318235039
S0043_ev0.01_proportional_kf0.10_fee0.07_mp0.15_br10000,612,1095,1897.2161661030318,0.18972161661030318,2.447996372358162,227.55776973778848,0.45751633986928103,0.05452659318235039
S0044_ev0.01_proportional_kf0.10_fee0.07_mp0.15_br25000,612,1095,1897.2161661030318,0.07588864664412127,2.447996372358162,227.55776973778848,0.45751633986928103,0.05452659318235039
S0092_ev0.01_fractional_kelly_kf0.20_fee0.07_mp0.05_br25000,612,1095,1897.2161661030318,0.07588864664412127,2.447996372358162,227.55776973778848,0.45751633986928103,0.05452659318235039
S0095_ev0.01_fractional_kelly_kf0.20_fee0.07_mp0.10_br25000,612,1095,1897.2161661030318,0.07588864664412127,2.447996372358162,227.55776973778848,0.45751633986928103,0.05452659318235039
S0098_ev0.01_fractional_kelly_kf0.20_fee0.07_mp0.15_br25000,612,1095,1897.2161661030318,0.07588864664412127,2.447996372358162,227.55776973778848,0.45751633986928103,0.05452659318235039
S0119_ev0.01_fractional_kelly_kf0.25_fee0.07_mp0.05_br25000,612,1095,1897.2161661030318,0.07588864664412127,2.447996372358162,227.55776973778848,0.45751633986928103,0.05452659318235039
S0122_ev0.01_fractional_kelly_kf0.25_fee0.07_mp0.10_br25000,612,1095,1897.2161661030318,0.07588864664412127,2.447996372358162,227.55776973778848,0.45751633986928103,0.05452659318235039
S0125_ev0.01_fractional_kelly_kf0.25_fee0.07_mp0.15_br25000,612,1095,1897.2161661030318,0.07588864664412127,2.447996372358162,227.55776973778848,0.45751633986928103,0.05452659318235039
S0144_ev0.01_capped_kelly_kf0.10_fee0.07_mp0.05_br5000,612,1095,1897.2161661030318,0.37944323322060636,2.447996372358162,227.55776973778848,0.45751633986928103,0.05452659318235039
S0145_ev0.01_capped_kelly_kf0.10_fee0.07_mp0.05_br10000,612,1095,1897.2161661030318,0.18972161661030318,2.447996372358162,227.55776973778848,0.45751633986928103,0.05452659318235039
S0146_ev0.01_capped_kelly_kf0.10_fee0.07_mp0.05_br25000,612,1095,1897.2161661030318,0.07588864664412127,2.447996372358162,227.55776973778848,0.45751633986928103,0.05452659318235039
S0147_ev0.01_capped_kelly_kf0.10_fee0.07_mp0.10_br5000,612,1095,1897.2161661030318,0.37944323322060636,2.447996372358162,227.55776973778848,0.45751633986928103,0.05452659318235039
S0148_ev0.01_capped_kelly_kf0.10_fee0.07_mp0.10_br10000,612,1095,1897.2161661030318,0.18972161661030318,2.447996372358162,227.55776973778848,0.45751633986928103,0.05452659318235039
S0149_ev0.01_capped_kelly_kf0.10_fee0.07_mp0.10_br25000,612,1095,1897.2161661030318,0.07588864664412127,2.447996372358162,227.55776973778848,0.45751633986928103,0.05452659318235039
S0150_ev0.01_capped_kelly_kf0.10_fee0.07_mp0.15_br5000,612,1095,1897.2161661030318,0.37944323322060636,2.447996372358162,227.55776973778848,0.45751633986928103,0.05452659318235039
S0151_ev0.01_capped_kelly_kf0.10_fee0.07_mp0.15_br10000,612,1095,1897.2161661030318,0.18972161661030318,2.447996372358162,227.55776973778848,0.45751633986928103,0.05452659318235039
S0152_ev0.01_capped_kelly_kf0.10_fee0.07_mp0.15_br25000,612,1095,1897.2161661030318,0.07588864664412127,2.447996372358162,227.55776973778848,0.45751633986928103,0.05452659318235039
S0171_ev0.01_capped_kelly_kf0.20_fee0.07_mp0.05_br5000,612,1095,1897.2161661030318,0.37944323322060636,2.447996372358162,227.55776973778848,0.45751633986928103,0.05452659318235039
S0172_ev0.01_capped_kelly_kf0.20_fee0.07_mp0.05_br10000,612,1095,1897.2161661030318,0.18972161661030318,2.447996372358162,227.55776973778848,0.45751633986928103,0.05452659318235039
S0173_ev0.01_capped_kelly_kf0.20_fee0.07_mp0.05_br25000,612,1095,1897.2161661030318,0.07588864664412127,2.447996372358162,227.55776973778848,0.45751633986928103,0.05452659318235039
S0174_ev0.01_capped_kelly_kf0.20_fee0.07_mp0.10_br5000,612,1095,1897.2161661030318,0.37944323322060636,2.447996372358162,227.55776973778848,0.45751633986928103,0.05452659318235039
S0175_ev0.01_capped_kelly_kf0.20_fee0.07_mp0.10_br10000,612,1095,1897.2161661030318,0.18972161661030318,2.447996372358162,227.55776973778848,0.45751633986928103,0.05452659318235039
S0176_ev0.01_capped_kelly_kf0.20_fee0.07_mp0.10_br25000,612,1095,1897.2161661030318,0.07588864664412127,2.447996372358162,227.55776973778848,0.45751633986928103,0.05452659318235039
S0177_ev0.01_capped_kelly_kf0.20_fee0.07_mp0.15_br5000,612,1095,1897.2161661030318,0.37944323322060636,2.447996372358162,227.55776973778848,0.45751633986928103,0.05452659318235039
S0178_ev0.01_capped_kelly_kf0.20_fee0.07_mp0.15_br10000,612,1095,1897.2161661030318,0.18972161661030318,2.447996372358162,227.55776973778848,0.45751633986928103,0.05452659318235039
S0179_ev0.01_capped_kelly_kf0.20_fee0.07_mp0.15_br25000,612,1095,1897.2161661030318,0.07588864664412127,2.447996372358162,227.55776973778848,0.45751633986928103,0.05452659318235039
S0198_ev0.01_capped_kelly_kf0.25_fee0.07_mp0.05_br5000,612,1095,1897.2161661030318,0.37944323322060636,2.447996372358162,227.55776973778848,0.45751633986928103,0.05452659318235039
S0199_ev0.01_capped_kelly_kf0.25_fee0.07_mp0.05_br10000,612,1095,1897.2161661030318,0.18972161661030318,2.447996372358162,227.55776973778848,0.45751633986928103,0.05452659318235039
S0200_ev0.01_capped_kelly_kf0.25_fee0.07_mp0.05_br25000,612,1095,1897.2161661030318,0.07588864664412127,2.447996372358162,227.55776973778848,0.45751633986928103,0.05452659318235039
S0201_ev0.01_capped_kelly_kf0.25_fee0.07_mp0.10_br5000,612,1095,1897.2161661030318,0.37944323322060636,2.447996372358162,227.55776973778848,0.45751633986928103,0.05452659318235039
S0202_ev0.01_capped_kelly_kf0.25_fee0.07_mp0.10_br10000,612,1095,1897.2161661030318,0.18972161661030318,2.447996372358162,227.55776973778848,0.45751633986928103,0.05452659318235039
S0203_ev0.01_capped_kelly_kf0.25_fee0.07_mp0.10_br25000,612,1095,1897.2161661030318,0.07588864664412127,2.447996372358162,227.55776973778848,0.45751633986928103,0.05452659318235039
S0204_ev0.01_capped_kelly_kf0.25_fee0.07_mp0.15_br5000,612,1095,1897.2161661030318,0.37944323322060636,2.447996372358162,227.55776973778848,0.45751633986928103,0.05452659318235039
S0205_ev0.01_capped_kelly_kf0.25_fee0.07_mp0.15_br10000,612,1095,1897.2161661030318,0.18972161661030318,2.447996372358162,227.55776973778848,0.45751633986928103,0.05452659318235039
S0206_ev0.01_capped_kelly_kf0.25_fee0.07_mp0.15_br25000,612,1095,1897.2161661030318,0.07588864664412127,2.447996372358162,227.55776973778848,0.45751633986928103,0.05452659318235039
S0487_ev0.03_fractional_kelly_kf0.10_fee0.05_mp0.05_br10000,494,1095,1861.381603627194,0.1861381603627194,2.8165701338214224,231.9607290635181,0.4898785425101215,0.07318947289799739
S0490_ev0.03_fractional_kelly_kf0.10_fee0.05_mp0.10_br10000,494,1095,1861.381603627194,0.1861381603627194,2.8165701338214224,231.9607290635181,0.4898785425101215,0.07318947289799739
S0493_ev0.03_fractional_kelly_kf0.10_fee0.05_mp0.15_br10000,494,1095,1861.381603627194,0.1861381603627194,2.8165701338214224,231.9607290635181,0.4898785425101215,0.07318947289799739
S0459_ev0.03_proportional_kf0.10_fee0.05_mp0.05_br5000,494,1095,1856.5188559896487,0.37130377119792973,2.801765855582575,233.43373296884545,0.4898785425101215,0.07318947289799739
S0460_ev0.03_proportional_kf0.10_fee0.05_mp0.05_br10000,494,1095,1856.5188559896487,0.18565188559896487,2.801765855582575,233.43373296884545,0.4898785425101215,0.07318947289799739
S0461_ev0.03_proportional_kf0.10_fee0.05_mp0.05_br25000,494,1095,1856.5188559896487,0.07426075423958595,2.801765855582575,233.43373296884545,0.4898785425101215,0.07318947289799739
S0462_ev0.03_proportional_kf0.10_fee0.05_mp0.10_br5000,494,1095,1856.5188559896487,0.37130377119792973,2.801765855582575,233.43373296884545,0.4898785425101215,0.07318947289799739
S0463_ev0.03_proportional_kf0.10_fee0.05_mp0.10_br10000,494,1095,1856.5188559896487,0.18565188559896487,2.801765855582575,233.43373296884545,0.4898785425101215,0.07318947289799739
S0464_ev0.03_proportional_kf0.10_fee0.05_mp0.10_br25000,494,1095,1856.5188559896487,0.07426075423958595,2.801765855582575,233.43373296884545,0.4898785425101215,0.07318947289799739
S0465_ev0.03_proportional_kf0.10_fee0.05_mp0.15_br5000,494,1095,1856.5188559896487,0.37130377119792973,2.801765855582575,233.43373296884545,0.4898785425101215,0.07318947289799739
S0466_ev0.03_proportional_kf0.10_fee0.05_mp0.15_br10000,494,1095,1856.5188559896487,0.18565188559896487,2.801765855582575,233.43373296884545,0.4898785425101215,0.07318947289799739
S0467_ev0.03_proportional_kf0.10_fee0.05_mp0.15_br25000,494,1095,1856.5188559896487,0.07426075423958595,2.801765855582575,233.43373296884545,0.4898785425101215,0.07318947289799739
S0488_ev0.03_fractional_kelly_kf0.10_fee0.05_mp0.05_br25000,494,1095,1856.5188559896487,0.07426075423958595,2.801765855582575,233.43373296884545,0.4898785425101215,0.07318947289799739
S0491_ev0.03_fractional_kelly_kf0.10_fee0.05_mp0.10_br25000,494,1095,1856.5188559896487,0.07426075423958595,2.801765855582575,233.43373296884545,0.4898785425101215,0.07318947289799739
S0494_ev0.03_fractional_kelly_kf0.10_fee0.05_mp0.15_br25000,494,1095,1856.5188559896487,0.07426075423958595,2.801765855582575,233.43373296884545,0.4898785425101215,0.07318947289799739
S0064_ev0.01_fractional_kelly_kf0.10_fee0.07_mp0.05_br10000,612,1095,1829.559115811287,0.1829559115811287,2.489115345143268,195.88411576603585,0.45751633986928103,0.05452659318235039
S0067_ev0.01_fractional_kelly_kf0.10_fee0.07_mp0.10_br10000,612,1095,1829.559115811287,0.1829559115811287,2.489115345143268,195.88411576603585,0.45751633986928103,0.05452659318235039
S0070_ev0.01_fractional_kelly_kf0.10_fee0.07_mp0.15_br10000,612,1095,1829.559115811287,0.1829559115811287,2.489115345143268,195.88411576603585,0.45751633986928103,0.05452659318235039
S0090_ev0.01_fractional_kelly_kf0.20_fee0.07_mp0.05_br5000,612,1095,1829.559115811287,0.3659118231622574,2.489115345143268,195.88411576603585,0.45751633986928103,0.05452659318235039
S0093_ev0.01_fractional_kelly_kf0.20_fee0.07_mp0.10_br5000,612,1095,1829.559115811287,0.3659118231622574,2.489115345143268,195.88411576603585,0.45751633986928103,0.05452659318235039
S0096_ev0.01_fractional_kelly_kf0.20_fee0.07_mp0.15_br5000,612,1095,1829.559115811287,0.3659118231622574,2.489115345143268,195.88411576603585,0.45751633986928103,0.05452659318235039
S0252_ev0.02_proportional_kf0.10_fee0.07_mp0.05_br5000,514,1095,1802.3279175685675,0.3604655835137135,2.7051751458314968,195.51611510172114,0.4649805447470817,0.062098262246648266
S0253_ev0.02_proportional_kf0.10_fee0.07_mp0.05_br10000,514,1095,1802.3279175685675,0.18023279175685675,2.7051751458314968,195.51611510172114,0.4649805447470817,0.062098262246648266
S0254_ev0.02_proportional_kf0.10_fee0.07_mp0.05_br25000,514,1095,1802.3279175685675,0.0720931167027427,2.7051751458314968,195.51611510172114,0.4649805447470817,0.062098262246648266
S0255_ev0.02_proportional_kf0.10_fee0.07_mp0.10_br5000,514,1095,1802.3279175685675,0.3604655835137135,2.7051751458314968,195.51611510172114,0.4649805447470817,0.062098262246648266
S0256_ev0.02_proportional_kf0.10_fee0.07_mp0.10_br10000,514,1095,1802.3279175685675,0.18023279175685675,2.7051751458314968,195.51611510172114,0.4649805447470817,0.062098262246648266
S0257_ev0.02_proportional_kf0.10_fee0.07_mp0.10_br25000,514,1095,1802.3279175685675,0.0720931167027427,2.7051751458314968,195.51611510172114,0.4649805447470817,0.062098262246648266
S0258_ev0.02_proportional_kf0.10_fee0.07_mp0.15_br5000,514,1095,1802.3279175685675,0.3604655835137135,2.7051751458314968,195.51611510172114,0.4649805447470817,0.062098262246648266
S0259_ev0.02_proportional_kf0.10_fee0.07_mp0.15_br10000,514,1095,1802.3279175685675,0.18023279175685675,2.7051751458314968,195.51611510172114,0.4649805447470817,0.062098262246648266
S0260_ev0.02_proportional_kf0.10_fee0.07_mp0.15_br25000,514,1095,1802.3279175685675,0.0720931167027427,2.7051751458314968,195.51611510172114,0.4649805447470817,0.062098262246648266
S0281_ev0.02_fractional_kelly_kf0.10_fee0.07_mp0.05_br25000,514,1095,1802.3279175685675,0.0720931167027427,2.7051751458314968,195.51611510172114,0.4649805447470817,0.062098262246648266
S0284_ev0.02_fractional_kelly_kf0.10_fee0.07_mp0.10_br25000,514,1095,1802.3279175685675,0.0720931167027427,2.7051751458314968,195.51611510172114,0.4649805447470817,0.062098262246648266
S0287_ev0.02_fractional_kelly_kf0.10_fee0.07_mp0.15_br25000,514,1095,1802.3279175685675,0.0720931167027427,2.7051751458314968,195.51611510172114,0.4649805447470817,0.062098262246648266
S0308_ev0.02_fractional_kelly_kf0.20_fee0.07_mp0.05_br25000,514,1095,1802.3279175685675,0.0720931167027427,2.7051751458314968,195.51611510172114,0.4649805447470817,0.062098262246648266
S0311_ev0.02_fractional_kelly_kf0.20_fee0.07_mp0.10_br25000,514,1095,1802.3279175685675,0.0720931167027427,2.7051751458314968,195.51611510172114,0.4649805447470817,0.062098262246648266
S0314_ev0.02_fractional_kelly_kf0.20_fee0.07_mp0.15_br25000,514,1095,1802.3279175685675,0.0720931167027427,2.7051751458314968,195.51611510172114,0.4649805447470817,0.062098262246648266
S0334_ev0.02_fractional_kelly_kf0.25_fee0.07_mp0.05_br10000,514,1095,1802.3279175685675,0.18023279175685675,2.7051751458314968,195.51611510172114,0.4649805447470817,0.062098262246648266
S0335_ev0.02_fractional_kelly_kf0.25_fee0.07_mp0.05_br25000,514,1095,1802.3279175685675,0.0720931167027427,2.7051751458314968,195.51611510172114,0.4649805447470817,0.062098262246648266
S0337_ev0.02_fractional_kelly_kf0.25_fee0.07_mp0.10_br10000,514,1095,1802.3279175685675,0.18023279175685675,2.7051751458314968,195.51611510172114,0.4649805447470817,0.062098262246648266
S0338_ev0.02_fractional_kelly_kf0.25_fee0.07_mp0.10_br25000,514,1095,1802.3279175685675,0.0720931167027427,2.7051751458314968,195.51611510172114,0.4649805447470817,0.062098262246648266
S0340_ev0.02_fractional_kelly_kf0.25_fee0.07_mp0.15_br10000,514,1095,1802.3279175685675,0.18023279175685675,2.7051751458314968,195.51611510172114,0.4649805447470817,0.062098262246648266
S0341_ev0.02_fractional_kelly_kf0.25_fee0.07_mp0.15_br25000,514,1095,1802.3279175685675,0.0720931167027427,2.7051751458314968,195.51611510172114,0.4649805447470817,0.062098262246648266
S0360_ev0.02_capped_kelly_kf0.10_fee0.07_mp0.05_br5000,514,1095,1802.3279175685675,0.3604655835137135,2.7051751458314968,195.51611510172114,0.4649805447470817,0.062098262246648266
S0361_ev0.02_capped_kelly_kf0.10_fee0.07_mp0.05_br10000,514,1095,1802.3279175685675,0.18023279175685675,2.7051751458314968,195.51611510172114,0.4649805447470817,0.062098262246648266
S0362_ev0.02_capped_kelly_kf0.10_fee0.07_mp0.05_br25000,514,1095,1802.3279175685675,0.0720931167027427,2.7051751458314968,195.51611510172114,0.4649805447470817,0.062098262246648266
S0363_ev0.02_capped_kelly_kf0.10_fee0.07_mp0.10_br5000,514,1095,1802.3279175685675,0.3604655835137135,2.7051751458314968,195.51611510172114,0.4649805447470817,0.062098262246648266
S0364_ev0.02_capped_kelly_kf0.10_fee0.07_mp0.10_br10000,514,1095,1802.3279175685675,0.18023279175685675,2.7051751458314968,195.51611510172114,0.4649805447470817,0.062098262246648266
S0365_ev0.02_capped_kelly_kf0.10_fee0.07_mp0.10_br25000,514,1095,1802.3279175685675,0.0720931167027427,2.7051751458314968,195.51611510172114,0.4649805447470817,0.062098262246648266
S0366_ev0.02_capped_kelly_kf0.10_fee0.07_mp0.15_br5000,514,1095,1802.3279175685675,0.3604655835137135,2.7051751458314968,195.51611510172114,0.4649805447470817,0.062098262246648266
S0367_ev0.02_capped_kelly_kf0.10_fee0.07_mp0.15_br10000,514,1095,1802.3279175685675,0.18023279175685675,2.7051751458314968,195.51611510172114,0.4649805447470817,0.062098262246648266
S0368_ev0.02_capped_kelly_kf0.10_fee0.07_mp0.15_br25000,514,1095,1802.3279175685675,0.0720931167027427,2.7051751458314968,195.51611510172114,0.4649805447470817,0.062098262246648266
S0387_ev0.02_capped_kelly_kf0.20_fee0.07_mp0.05_br5000,514,1095,1802.3279175685675,0.3604655835137135,2.7051751458314968,195.51611510172114,0.4649805447470817,0.062098262246648266
S0388_ev0.02_capped_kelly_kf0.20_fee0.07_mp0.05_br10000,514,1095,1802.3279175685675,0.18023279175685675,2.7051751458314968,195.51611510172114,0.4649805447470817,0.062098262246648266
S0389_ev0.02_capped_kelly_kf0.20_fee0.07_mp0.05_br25000,514,1095,1802.3279175685675,0.0720931167027427,2.7051751458314968,195.51611510172114,0.4649805447470817,0.062098262246648266
S0390_ev0.02_capped_kelly_kf0.20_fee0.07_mp0.10_br5000,514,1095,1802.3279175685675,0.3604655835137135,2.7051751458314968,195.51611510172114,0.4649805447470817,0.062098262246648266
S0391_ev0.02_capped_kelly_kf0.20_fee0.07_mp0.10_br10000,514,1095,1802.3279175685675,0.18023279175685675,2.7051751458314968,195.51611510172114,0.4649805447470817,0.062098262246648266
S0392_ev0.02_capped_kelly_kf0.20_fee0.07_mp0.10_br25000,514,1095,1802.3279175685675,0.0720931167027427,2.7051751458314968,195.51611510172114,0.4649805447470817,0.062098262246648266
S0393_ev0.02_capped_kelly_kf0.20_fee0.07_mp0.15_br5000,514,1095,1802.3279175685675,0.3604655835137135,2.7051751458314968,195.51611510172114,0.4649805447470817,0.062098262246648266
S0394_ev0.02_capped_kelly_kf0.20_fee0.07_mp0.15_br10000,514,1095,1802.3279175685675,0.18023279175685675,2.7051751458314968,195.51611510172114,0.4649805447470817,0.062098262246648266
S0395_ev0.02_capped_kelly_kf0.20_fee0.07_mp0.15_br25000,514,1095,1802.3279175685675,0.0720931167027427,2.7051751458314968,195.51611510172114,0.4649805447470817,0.062098262246648266
S0414_ev0.02_capped_kelly_kf0.25_fee0.07_mp0.05_br5000,514,1095,1802.3279175685675,0.3604655835137135,2.7051751458314968,195.51611510172114,0.4649805447470817,0.062098262246648266
S0415_ev0.02_capped_kelly_kf0.25_fee0.07_mp0.05_br10000,514,1095,1802.3279175685675,0.18023279175685675,2.7051751458314968,195.51611510172114,0.4649805447470817,0.062098262246648266
S0416_ev0.02_capped_kelly_kf0.25_fee0.07_mp0.05_br25000,514,1095,1802.3279175685675,0.0720931167027427,2.7051751458314968,195.51611510172114,0.4649805447470817,0.062098262246648266
S0417_ev0.02_capped_kelly_kf0.25_fee0.07_mp0.10_br5000,514,1095,1802.3279175685675,0.3604655835137135,2.7051751458314968,195.51611510172114,0.4649805447470817,0.062098262246648266
S0418_ev0.02_capped_kelly_kf0.25_fee0.07_mp0.10_br10000,514,1095,1802.3279175685675,0.18023279175685675,2.7051751458314968,195.51611510172114,0.4649805447470817,0.062098262246648266
S0419_ev0.02_capped_kelly_kf0.25_fee0.07_mp0.10_br25000,514,1095,1802.3279175685675,0.0720931167027427,2.7051751458314968,195.51611510172114,0.4649805447470817,0.062098262246648266
S0420_ev0.02_capped_kelly_kf0.25_fee0.07_mp0.15_br5000,514,1095,1802.3279175685675,0.3604655835137135,2.7051751458314968,195.51611510172114,0.4649805447470817,0.062098262246648266
S0421_ev0.02_capped_kelly_kf0.25_fee0.07_mp0.15_br10000,514,1095,1802.3279175685675,0.18023279175685675,2.7051751458314968,195.51611510172114,0.4649805447470817,0.062098262246648266
S0422_ev0.02_capped_kelly_kf0.25_fee0.07_mp0.15_br25000,514,1095,1802.3279175685675,0.0720931167027427,2.7051751458314968,195.51611510172114,0.4649805447470817,0.062098262246648266
S0307_ev0.02_fractional_kelly_kf0.20_fee0.07_mp0.05_br10000,514,1095,1799.1242025245651,0.17991242025245652,2.70216460891766,199.08799884154286,0.4649805447470817,0.062098262246648266
S0310_ev0.02_fractional_kelly_kf0.20_fee0.07_mp0.10_br10000,514,1095,1799.1242025245651,0.17991242025245652,2.70216460891766,199.08799884154286,0.4649805447470817,0.062098262246648266
S0313_ev0.02_fractional_kelly_kf0.20_fee0.07_mp0.15_br10000,514,1095,1799.1242025245651,0.17991242025245652,2.70216460891766,199.08799884154286,0.4649805447470817,0.062098262246648266
S0333_ev0.02_fractional_kelly_kf0.25_fee0.07_mp0.05_br5000,514,1095,1786.6577345360122,0.3573315469072024,2.7033902453855605,216.46547049180742,0.4649805447470817,0.062098262246648266
S0336_ev0.02_fractional_kelly_kf0.25_fee0.07_mp0.10_br5000,514,1095,1786.6577345360122,0.3573315469072024,2.7033902453855605,216.46547049180742,0.4649805447470817,0.062098262246648266
S0339_ev0.02_fractional_kelly_kf0.25_fee0.07_mp0.15_br5000,514,1095,1786.6577345360122,0.3573315469072024,2.7033902453855605,216.46547049180742,0.4649805447470817,0.062098262246648266
S0280_ev0.02_fractional_kelly_kf0.10_fee0.07_mp0.05_br10000,514,1095,1746.3869414973474,0.17463869414973474,2.682391708746934,222.77590966001782,0.4649805447470817,0.062098262246648266
S0283_ev0.02_fractional_kelly_kf0.10_fee0.07_mp0.10_br10000,514,1095,1746.3869414973474,0.17463869414973474,2.682391708746934,222.77590966001782,0.4649805447470817,0.062098262246648266
S0286_ev0.02_fractional_kelly_kf0.10_fee0.07_mp0.15_br10000,514,1095,1746.3869414973474,0.17463869414973474,2.682391708746934,222.77590966001782,0.4649805447470817,0.062098262246648266
S0306_ev0.02_fractional_kelly_kf0.20_fee0.07_mp0.05_br5000,514,1095,1746.3869414973474,0.34927738829946947,2.682391708746934,222.77590966001782,0.4649805447470817,0.062098262246648266
S0309_ev0.02_fractional_kelly_kf0.20_fee0.07_mp0.10_br5000,514,1095,1746.3869414973474,0.34927738829946947,2.682391708746934,222.77590966001782,0.4649805447470817,0.062098262246648266
S0312_ev0.02_fractional_kelly_kf0.20_fee0.07_mp0.15_br5000,514,1095,1746.3869414973474,0.34927738829946947,2.682391708746934,222.77590966001782,0.4649805447470817,0.062098262246648266
S0486_ev0.03_fractional_kelly_kf0.10_fee0.05_mp0.05_br5000,494,1095,1697.5185834675135,0.3395037166935027,2.8048617286333966,211.6325693866512,0.4898785425101215,0.07318947289799739
S0489_ev0.03_fractional_kelly_kf0.10_fee0.05_mp0.10_br5000,494,1095,1697.5185834675135,0.3395037166935027,2.8048617286333966,211.6325693866512,0.4898785425101215,0.07318947289799739
S0492_ev0.03_fractional_kelly_kf0.10_fee0.05_mp0.15_br5000,494,1095,1697.5185834675135,0.3395037166935027,2.8048617286333966,211.6325693866512,0.4898785425101215,0.07318947289799739
S0468_ev0.03_proportional_kf0.10_fee0.07_mp0.05_br5000,419,1095,1650.355415477845,0.33007108309556904,2.9981067400188777,244.36018592837996,0.477326968973747,0.07059176983466765
S0469_ev0.03_proportional_kf0.10_fee0.07_mp0.05_br10000,419,1095,1650.355415477845,0.16503554154778452,2.9981067400188777,244.36018592837996,0.477326968973747,0.07059176983466765
S0470_ev0.03_proportional_kf0.10_fee0.07_mp0.05_br25000,419,1095,1650.355415477845,0.0660142166191138,2.9981067400188777,244.36018592837996,0.477326968973747,0.07059176983466765
S0471_ev0.03_proportional_kf0.10_fee0.07_mp0.10_br5000,419,1095,1650.355415477845,0.33007108309556904,2.9981067400188777,244.36018592837996,0.477326968973747,0.07059176983466765
S0472_ev0.03_proportional_kf0.10_fee0.07_mp0.10_br10000,419,1095,1650.355415477845,0.16503554154778452,2.9981067400188777,244.36018592837996,0.477326968973747,0.07059176983466765
S0473_ev0.03_proportional_kf0.10_fee0.07_mp0.10_br25000,419,1095,1650.355415477845,0.0660142166191138,2.9981067400188777,244.36018592837996,0.477326968973747,0.07059176983466765
S0474_ev0.03_proportional_kf0.10_fee0.07_mp0.15_br5000,419,1095,1650.355415477845,0.33007108309556904,2.9981067400188777,244.36018592837996,0.477326968973747,0.07059176983466765
S0475_ev0.03_proportional_kf0.10_fee0.07_mp0.15_br10000,419,1095,1650.355415477845,0.16503554154778452,2.9981067400188777,244.36018592837996,0.477326968973747,0.07059176983466765
S0476_ev0.03_proportional_kf0.10_fee0.07_mp0.15_br25000,419,1095,1650.355415477845,0.0660142166191138,2.9981067400188777,244.36018592837996,0.477326968973747,0.07059176983466765
S0497_ev0.03_fractional_kelly_kf0.10_fee0.07_mp0.05_br25000,419,1095,1650.355415477845,0.0660142166191138,2.9981067400188777,244.36018592837996,0.477326968973747,0.07059176983466765
S0496_ev0.03_fractional_kelly_kf0.10_fee0.07_mp0.05_br10000,419,1095,1648.9445496281362,0.16489445496281363,3.0031571562731463,244.36018592837996,0.477326968973747,0.07059176983466765
S0499_ev0.03_fractional_kelly_kf0.10_fee0.07_mp0.10_br10000,419,1095,1648.9445496281362,0.16489445496281363,3.0031571562731463,244.36018592837996,0.477326968973747,0.07059176983466765
S0063_ev0.01_fractional_kelly_kf0.10_fee0.07_mp0.05_br5000,612,1095,1586.9896003706733,0.31739792007413464,2.489313681955248,192.124898926649,0.45751633986928103,0.05452659318235039
S0066_ev0.01_fractional_kelly_kf0.10_fee0.07_mp0.10_br5000,612,1095,1586.9896003706733,0.31739792007413464,2.489313681955248,192.124898926649,0.45751633986928103,0.05452659318235039
S0069_ev0.01_fractional_kelly_kf0.10_fee0.07_mp0.15_br5000,612,1095,1586.9896003706733,0.31739792007413464,2.489313681955248,192.124898926649,0.45751633986928103,0.05452659318235039
S0279_ev0.02_fractional_kelly_kf0.10_fee0.07_mp0.05_br5000,514,1095,1560.1291159776924,0.3120258231955385,2.724175312861008,222.40507017244556,0.4649805447470817,0.062098262246648266
S0282_ev0.02_fractional_kelly_kf0.10_fee0.07_mp0.10_br5000,514,1095,1560.1291159776924,0.3120258231955385,2.724175312861008,222.40507017244556,0.4649805447470817,0.062098262246648266
S0285_ev0.02_fractional_kelly_kf0.10_fee0.07_mp0.15_br5000,514,1095,1560.1291159776924,0.3120258231955385,2.724175312861008,222.40507017244556,0.4649805447470817,0.062098262246648266
S0495_ev0.03_fractional_kelly_kf0.10_fee0.07_mp0.05_br5000,419,1095,1498.742208861489,0.2997484417722978,2.9919036197398143,232.5220359051545,0.477326968973747,0.07059176983466765
S0498_ev0.03_fractional_kelly_kf0.10_fee0.07_mp0.10_br5000,419,1095,1498.742208861489,0.2997484417722978,2.9919036197398143,232.5220359051545,0.477326968973747,0.07059176983466765
S0316_ev0.02_fractional_kelly_kf0.20_fee0.10_mp0.05_br10000,412,1095,1451.4079740784127,0.14514079740784128,2.8185146693353835,228.04405214750832,0.441747572815534,0.05778247419075885
S0319_ev0.02_fractional_kelly_kf0.20_fee0.10_mp0.10_br10000,412,1095,1451.4079740784127,0.14514079740784128,2.8185146693353835,228.04405214750832,0.441747572815534,0.05778247419075885
S0322_ev0.02_fractional_kelly_kf0.20_fee0.10_mp0.15_br10000,412,1095,1451.4079740784127,0.14514079740784128,2.8185146693353835,228.04405214750832,0.441747572815534,0.05778247419075885
S0261_ev0.02_proportional_kf0.10_fee0.10_mp0.05_br5000,412,1095,1451.062141181988,0.2902124282363976,2.8178134927184124,228.0740521475083,0.441747572815534,0.05778247419075885
S0262_ev0.02_proportional_kf0.10_fee0.10_mp0.05_br10000,412,1095,1451.062141181988,0.1451062141181988,2.8178134927184124,228.0740521475083,0.441747572815534,0.05778247419075885
S0263_ev0.02_proportional_kf0.10_fee0.10_mp0.05_br25000,412,1095,1451.062141181988,0.05804248564727952,2.8178134927184124,228.0740521475083,0.441747572815534,0.05778247419075885
S0264_ev0.02_proportional_kf0.10_fee0.10_mp0.10_br5000,412,1095,1451.062141181988,0.2902124282363976,2.8178134927184124,228.0740521475083,0.441747572815534,0.05778247419075885
S0265_ev0.02_proportional_kf0.10_fee0.10_mp0.10_br10000,412,1095,1451.062141181988,0.1451062141181988,2.8178134927184124,228.0740521475083,0.441747572815534,0.05778247419075885
S0266_ev0.02_proportional_kf0.10_fee0.10_mp0.10_br25000,412,1095,1451.062141181988,0.05804248564727952,2.8178134927184124,228.0740521475083,0.441747572815534,0.05778247419075885
S0267_ev0.02_proportional_kf0.10_fee0.10_mp0.15_br5000,412,1095,1451.062141181988,0.2902124282363976,2.8178134927184124,228.0740521475083,0.441747572815534,0.05778247419075885
S0268_ev0.02_proportional_kf0.10_fee0.10_mp0.15_br10000,412,1095,1451.062141181988,0.1451062141181988,2.8178134927184124,228.0740521475083,0.441747572815534,0.05778247419075885
S0269_ev0.02_proportional_kf0.10_fee0.10_mp0.15_br25000,412,1095,1451.062141181988,0.05804248564727952,2.8178134927184124,228.0740521475083,0.441747572815534,0.05778247419075885
S0290_ev0.02_fractional_kelly_kf0.10_fee0.10_mp0.05_br25000,412,1095,1451.062141181988,0.05804248564727952,2.8178134927184124,228.0740521475083,0.441747572815534,0.05778247419075885
S0293_ev0.02_fractional_kelly_kf0.10_fee0.10_mp0.10_br25000,412,1095,1451.062141181988,0.05804248564727952,2.8178134927184124,228.0740521475083,0.441747572815534,0.05778247419075885
S0296_ev0.02_fractional_kelly_kf0.10_fee0.10_mp0.15_br25000,412,1095,1451.062141181988,0.05804248564727952,2.8178134927184124,228.0740521475083,0.441747572815534,0.05778247419075885
S0317_ev0.02_fractional_kelly_kf0.20_fee0.10_mp0.05_br25000,412,1095,1451.062141181988,0.05804248564727952,2.8178134927184124,228.0740521475083,0.441747572815534,0.05778247419075885
S0320_ev0.02_fractional_kelly_kf0.20_fee0.10_mp0.10_br25000,412,1095,1451.062141181988,0.05804248564727952,2.8178134927184124,228.0740521475083,0.441747572815534,0.05778247419075885
S0323_ev0.02_fractional_kelly_kf0.20_fee0.10_mp0.15_br25000,412,1095,1451.062141181988,0.05804248564727952,2.8178134927184124,228.0740521475083,0.441747572815534,0.05778247419075885
S0343_ev0.02_fractional_kelly_kf0.25_fee0.10_mp0.05_br10000,412,1095,1451.062141181988,0.1451062141181988,2.8178134927184124,228.0740521475083,0.441747572815534,0.05778247419075885
S0344_ev0.02_fractional_kelly_kf0.25_fee0.10_mp0.05_br25000,412,1095,1451.062141181988,0.05804248564727952,2.8178134927184124,228.0740521475083,0.441747572815534,0.05778247419075885
S0346_ev0.02_fractional_kelly_kf0.25_fee0.10_mp0.10_br10000,412,1095,1451.062141181988,0.1451062141181988,2.8178134927184124,228.0740521475083,0.441747572815534,0.05778247419075885
S0347_ev0.02_fractional_kelly_kf0.25_fee0.10_mp0.10_br25000,412,1095,1451.062141181988,0.05804248564727952,2.8178134927184124,228.0740521475083,0.441747572815534,0.05778247419075885
S0349_ev0.02_fractional_kelly_kf0.25_fee0.10_mp0.15_br10000,412,1095,1451.062141181988,0.1451062141181988,2.8178134927184124,228.0740521475083,0.441747572815534,0.05778247419075885
S0350_ev0.02_fractional_kelly_kf0.25_fee0.10_mp0.15_br25000,412,1095,1451.062141181988,0.05804248564727952,2.8178134927184124,228.0740521475083,0.441747572815534,0.05778247419075885
S0369_ev0.02_capped_kelly_kf0.10_fee0.10_mp0.05_br5000,412,1095,1451.062141181988,0.2902124282363976,2.8178134927184124,228.0740521475083,0.441747572815534,0.05778247419075885
S0370_ev0.02_capped_kelly_kf0.10_fee0.10_mp0.05_br10000,412,1095,1451.062141181988,0.1451062141181988,2.8178134927184124,228.0740521475083,0.441747572815534,0.05778247419075885
S0371_ev0.02_capped_kelly_kf0.10_fee0.10_mp0.05_br25000,412,1095,1451.062141181988,0.05804248564727952,2.8178134927184124,228.0740521475083,0.441747572815534,0.05778247419075885
S0372_ev0.02_capped_kelly_kf0.10_fee0.10_mp0.10_br5000,412,1095,1451.062141181988,0.2902124282363976,2.8178134927184124,228.0740521475083,0.441747572815534,0.05778247419075885
S0373_ev0.02_capped_kelly_kf0.10_fee0.10_mp0.10_br10000,412,1095,1451.062141181988,0.1451062141181988,2.8178134927184124,228.0740521475083,0.441747572815534,0.05778247419075885
S0374_ev0.02_capped_kelly_kf0.10_fee0.10_mp0.10_br25000,412,1095,1451.062141181988,0.05804248564727952,2.8178134927184124,228.0740521475083,0.441747572815534,0.05778247419075885
S0375_ev0.02_capped_kelly_kf0.10_fee0.10_mp0.15_br5000,412,1095,1451.062141181988,0.2902124282363976,2.8178134927184124,228.0740521475083,0.441747572815534,0.05778247419075885
S0376_ev0.02_capped_kelly_kf0.10_fee0.10_mp0.15_br10000,412,1095,1451.062141181988,0.1451062141181988,2.8178134927184124,228.0740521475083,0.441747572815534,0.05778247419075885
S0377_ev0.02_capped_kelly_kf0.10_fee0.10_mp0.15_br25000,412,1095,1451.062141181988,0.05804248564727952,2.8178134927184124,228.0740521475083,0.441747572815534,0.05778247419075885
S0396_ev0.02_capped_kelly_kf0.20_fee0.10_mp0.05_br5000,412,1095,1451.062141181988,0.2902124282363976,2.8178134927184124,228.0740521475083,0.441747572815534,0.05778247419075885
S0397_ev0.02_capped_kelly_kf0.20_fee0.10_mp0.05_br10000,412,1095,1451.062141181988,0.1451062141181988,2.8178134927184124,228.0740521475083,0.441747572815534,0.05778247419075885
S0398_ev0.02_capped_kelly_kf0.20_fee0.10_mp0.05_br25000,412,1095,1451.062141181988,0.05804248564727952,2.8178134927184124,228.0740521475083,0.441747572815534,0.05778247419075885
S0399_ev0.02_capped_kelly_kf0.20_fee0.10_mp0.10_br5000,412,1095,1451.062141181988,0.2902124282363976,2.8178134927184124,228.0740521475083,0.441747572815534,0.05778247419075885
S0400_ev0.02_capped_kelly_kf0.20_fee0.10_mp0.10_br10000,412,1095,1451.062141181988,0.1451062141181988,2.8178134927184124,228.0740521475083,0.441747572815534,0.05778247419075885
S0401_ev0.02_capped_kelly_kf0.20_fee0.10_mp0.10_br25000,412,1095,1451.062141181988,0.05804248564727952,2.8178134927184124,228.0740521475083,0.441747572815534,0.05778247419075885
S0402_ev0.02_capped_kelly_kf0.20_fee0.10_mp0.15_br5000,412,1095,1451.062141181988,0.2902124282363976,2.8178134927184124,228.0740521475083,0.441747572815534,0.05778247419075885
S0403_ev0.02_capped_kelly_kf0.20_fee0.10_mp0.15_br10000,412,1095,1451.062141181988,0.1451062141181988,2.8178134927184124,228.0740521475083,0.441747572815534,0.05778247419075885
S0404_ev0.02_capped_kelly_kf0.20_fee0.10_mp0.15_br25000,412,1095,1451.062141181988,0.05804248564727952,2.8178134927184124,228.0740521475083,0.441747572815534,0.05778247419075885
S0423_ev0.02_capped_kelly_kf0.25_fee0.10_mp0.05_br5000,412,1095,1451.062141181988,0.2902124282363976,2.8178134927184124,228.0740521475083,0.441747572815534,0.05778247419075885
S0424_ev0.02_capped_kelly_kf0.25_fee0.10_mp0.05_br10000,412,1095,1451.062141181988,0.1451062141181988,2.8178134927184124,228.0740521475083,0.441747572815534,0.05778247419075885
S0425_ev0.02_capped_kelly_kf0.25_fee0.10_mp0.05_br25000,412,1095,1451.062141181988,0.05804248564727952,2.8178134927184124,228.0740521475083,0.441747572815534,0.05778247419075885
S0426_ev0.02_capped_kelly_kf0.25_fee0.10_mp0.10_br5000,412,1095,1451.062141181988,0.2902124282363976,2.8178134927184124,228.0740521475083,0.441747572815534,0.05778247419075885
S0427_ev0.02_capped_kelly_kf0.25_fee0.10_mp0.10_br10000,412,1095,1451.062141181988,0.1451062141181988,2.8178134927184124,228.0740521475083,0.441747572815534,0.05778247419075885
S0428_ev0.02_capped_kelly_kf0.25_fee0.10_mp0.10_br25000,412,1095,1451.062141181988,0.05804248564727952,2.8178134927184124,228.0740521475083,0.441747572815534,0.05778247419075885
S0429_ev0.02_capped_kelly_kf0.25_fee0.10_mp0.15_br5000,412,1095,1451.062141181988,0.2902124282363976,2.8178134927184124,228.0740521475083,0.441747572815534,0.05778247419075885
S0430_ev0.02_capped_kelly_kf0.25_fee0.10_mp0.15_br10000,412,1095,1451.062141181988,0.1451062141181988,2.8178134927184124,228.0740521475083,0.441747572815534,0.05778247419075885
S0431_ev0.02_capped_kelly_kf0.25_fee0.10_mp0.15_br25000,412,1095,1451.062141181988,0.05804248564727952,2.8178134927184124,228.0740521475083,0.441747572815534,0.05778247419075885
S0342_ev0.02_fractional_kelly_kf0.25_fee0.10_mp0.05_br5000,412,1095,1440.3456584172602,0.28806913168345205,2.8170454097946775,225.97603478142094,0.441747572815534,0.05778247419075885
S0345_ev0.02_fractional_kelly_kf0.25_fee0.10_mp0.10_br5000,412,1095,1440.3456584172602,0.28806913168345205,2.8170454097946775,225.97603478142094,0.441747572815534,0.05778247419075885
S0348_ev0.02_fractional_kelly_kf0.25_fee0.10_mp0.15_br5000,412,1095,1440.3456584172602,0.28806913168345205,2.8170454097946775,225.97603478142094,0.441747572815534,0.05778247419075885
S0289_ev0.02_fractional_kelly_kf0.10_fee0.10_mp0.05_br10000,412,1095,1426.2479802469632,0.14262479802469633,2.822910207451236,222.1619667413114,0.441747572815534,0.05778247419075885
S0292_ev0.02_fractional_kelly_kf0.10_fee0.10_mp0.10_br10000,412,1095,1426.2479802469632,0.14262479802469633,2.822910207451236,222.1619667413114,0.441747572815534,0.05778247419075885
S0295_ev0.02_fractional_kelly_kf0.10_fee0.10_mp0.15_br10000,412,1095,1426.2479802469632,0.14262479802469633,2.822910207451236,222.1619667413114,0.441747572815534,0.05778247419075885
S0315_ev0.02_fractional_kelly_kf0.20_fee0.10_mp0.05_br5000,412,1095,1426.2479802469632,0.28524959604939265,2.822910207451236,222.1619667413114,0.441747572815534,0.05778247419075885
S0318_ev0.02_fractional_kelly_kf0.20_fee0.10_mp0.10_br5000,412,1095,1426.2479802469632,0.28524959604939265,2.822910207451236,222.1619667413114,0.441747572815534,0.05778247419075885
S0321_ev0.02_fractional_kelly_kf0.20_fee0.10_mp0.15_br5000,412,1095,1426.2479802469632,0.28524959604939265,2.822910207451236,222.1619667413114,0.441747572815534,0.05778247419075885
S0073_ev0.01_fractional_kelly_kf0.10_fee0.10_mp0.05_br10000,491,1095,1343.705776664934,0.1343705776664934,2.351117846267584,238.3425252879485,0.4195519348268839,0.050907294889419974
S0076_ev0.01_fractional_kelly_kf0.10_fee0.10_mp0.10_br10000,491,1095,1343.705776664934,0.1343705776664934,2.351117846267584,238.3425252879485,0.4195519348268839,0.050907294889419974
S0079_ev0.01_fractional_kelly_kf0.10_fee0.10_mp0.15_br10000,491,1095,1343.705776664934,0.1343705776664934,2.351117846267584,238.3425252879485,0.4195519348268839,0.050907294889419974
S0099_ev0.01_fractional_kelly_kf0.20_fee0.10_mp0.05_br5000,491,1095,1343.705776664934,0.2687411553329868,2.351117846267584,238.3425252879485,0.4195519348268839,0.050907294889419974
S0102_ev0.01_fractional_kelly_kf0.20_fee0.10_mp0.10_br5000,491,1095,1343.705776664934,0.2687411553329868,2.351117846267584,238.3425252879485,0.4195519348268839,0.050907294889419974
S0105_ev0.01_fractional_kelly_kf0.20_fee0.10_mp0.15_br5000,491,1095,1343.705776664934,0.2687411553329868,2.351117846267584,238.3425252879485,0.4195519348268839,0.050907294889419974
S0126_ev0.01_fractional_kelly_kf0.25_fee0.10_mp0.05_br5000,491,1095,1338.8409733881638,0.26776819467763274,2.2895683904228337,242.96837118302574,0.4195519348268839,0.050907294889419974
S0129_ev0.01_fractional_kelly_kf0.25_fee0.10_mp0.10_br5000,491,1095,1338.8409733881638,0.26776819467763274,2.2895683904228337,242.96837118302574,0.4195519348268839,0.050907294889419974
S0132_ev0.01_fractional_kelly_kf0.25_fee0.10_mp0.15_br5000,491,1095,1338.8409733881638,0.26776819467763274,2.2895683904228337,242.96837118302574,0.4195519348268839,0.050907294889419974
S0477_ev0.03_proportional_kf0.10_fee0.10_mp0.05_br5000,333,1095,1331.5696791424446,0.2663139358284889,3.119369006991516,177.03565337036514,0.4624624624624625,0.0655706175502909
S0478_ev0.03_proportional_kf0.10_fee0.10_mp0.05_br10000,333,1095,1331.5696791424446,0.13315696791424445,3.119369006991516,177.03565337036514,0.4624624624624625,0.0655706175502909
S0479_ev0.03_proportional_kf0.10_fee0.10_mp0.05_br25000,333,1095,1331.5696791424446,0.05326278716569778,3.119369006991516,177.03565337036514,0.4624624624624625,0.0655706175502909
S0480_ev0.03_proportional_kf0.10_fee0.10_mp0.10_br5000,333,1095,1331.5696791424446,0.2663139358284889,3.119369006991516,177.03565337036514,0.4624624624624625,0.0655706175502909
S0481_ev0.03_proportional_kf0.10_fee0.10_mp0.10_br10000,333,1095,1331.5696791424446,0.13315696791424445,3.119369006991516,177.03565337036514,0.4624624624624625,0.0655706175502909
S0482_ev0.03_proportional_kf0.10_fee0.10_mp0.10_br25000,333,1095,1331.5696791424446,0.05326278716569778,3.119369006991516,177.03565337036514,0.4624624624624625,0.0655706175502909
S0483_ev0.03_proportional_kf0.10_fee0.10_mp0.15_br5000,333,1095,1331.5696791424446,0.2663139358284889,3.119369006991516,177.03565337036514,0.4624624624624625,0.0655706175502909
S0484_ev0.03_proportional_kf0.10_fee0.10_mp0.15_br10000,333,1095,1331.5696791424446,0.13315696791424445,3.119369006991516,177.03565337036514,0.4624624624624625,0.0655706175502909
S0485_ev0.03_proportional_kf0.10_fee0.10_mp0.15_br25000,333,1095,1331.5696791424446,0.05326278716569778,3.119369006991516,177.03565337036514,0.4624624624624625,0.0655706175502909
S0100_ev0.01_fractional_kelly_kf0.20_fee0.10_mp0.05_br10000,491,1095,1328.4644646087027,0.13284644646087027,2.21297873669775,237.74119454522554,0.4195519348268839,0.050907294889419974
S0103_ev0.01_fractional_kelly_kf0.20_fee0.10_mp0.10_br10000,491,1095,1328.4644646087027,0.13284644646087027,2.21297873669775,237.74119454522554,0.4195519348268839,0.050907294889419974
S0106_ev0.01_fractional_kelly_kf0.20_fee0.10_mp0.15_br10000,491,1095,1328.4644646087027,0.13284644646087027,2.21297873669775,237.74119454522554,0.4195519348268839,0.050907294889419974
S0074_ev0.01_fractional_kelly_kf0.10_fee0.10_mp0.05_br25000,491,1095,1328.3479394394697,0.053133917577578786,2.2005702662367,232.57232477335998,0.4195519348268839,0.050907294889419974
S0077_ev0.01_fractional_kelly_kf0.10_fee0.10_mp0.10_br25000,491,1095,1328.3479394394697,0.053133917577578786,2.2005702662367,232.57232477335998,0.4195519348268839,0.050907294889419974
S0080_ev0.01_fractional_kelly_kf0.10_fee0.10_mp0.15_br25000,491,1095,1328.3479394394697,0.053133917577578786,2.2005702662367,232.57232477335998,0.4195519348268839,0.050907294889419974
S0127_ev0.01_fractional_kelly_kf0.25_fee0.10_mp0.05_br10000,491,1095,1328.3479394394697,0.13283479394394695,2.2005702662367,232.57232477335998,0.4195519348268839,0.050907294889419974
S0130_ev0.01_fractional_kelly_kf0.25_fee0.10_mp0.10_br10000,491,1095,1328.3479394394697,0.13283479394394695,2.2005702662367,232.57232477335998,0.4195519348268839,0.050907294889419974
S0133_ev0.01_fractional_kelly_kf0.25_fee0.10_mp0.15_br10000,491,1095,1328.3479394394697,0.13283479394394695,2.2005702662367,232.57232477335998,0.4195519348268839,0.050907294889419974
S0045_ev0.01_proportional_kf0.10_fee0.10_mp0.05_br5000,491,1095,1315.4593564253248,0.26309187128506495,2.1774586143711288,232.7723247733598,0.4195519348268839,0.050907294889419974
S0046_ev0.01_proportional_kf0.10_fee0.10_mp0.05_br10000,491,1095,1315.4593564253248,0.13154593564253247,2.1774586143711288,232.7723247733598,0.4195519348268839,0.050907294889419974
S0047_ev0.01_proportional_kf0.10_fee0.10_mp0.05_br25000,491,1095,1315.4593564253248,0.05261837425701299,2.1774586143711288,232.7723247733598,0.4195519348268839,0.050907294889419974
S0048_ev0.01_proportional_kf0.10_fee0.10_mp0.10_br5000,491,1095,1315.4593564253248,0.26309187128506495,2.1774586143711288,232.7723247733598,0.4195519348268839,0.050907294889419974
S0049_ev0.01_proportional_kf0.10_fee0.10_mp0.10_br10000,491,1095,1315.4593564253248,0.13154593564253247,2.1774586143711288,232.7723247733598,0.4195519348268839,0.050907294889419974
S0050_ev0.01_proportional_kf0.10_fee0.10_mp0.10_br25000,491,1095,1315.4593564253248,0.05261837425701299,2.1774586143711288,232.7723247733598,0.4195519348268839,0.050907294889419974
S0051_ev0.01_proportional_kf0.10_fee0.10_mp0.15_br5000,491,1095,1315.4593564253248,0.26309187128506495,2.1774586143711288,232.7723247733598,0.4195519348268839,0.050907294889419974
S0052_ev0.01_proportional_kf0.10_fee0.10_mp0.15_br10000,491,1095,1315.4593564253248,0.13154593564253247,2.1774586143711288,232.7723247733598,0.4195519348268839,0.050907294889419974
S0053_ev0.01_proportional_kf0.10_fee0.10_mp0.15_br25000,491,1095,1315.4593564253248,0.05261837425701299,2.1774586143711288,232.7723247733598,0.4195519348268839,0.050907294889419974
S0101_ev0.01_fractional_kelly_kf0.20_fee0.10_mp0.05_br25000,491,1095,1315.4593564253248,0.05261837425701299,2.1774586143711288,232.7723247733598,0.4195519348268839,0.050907294889419974
S0104_ev0.01_fractional_kelly_kf0.20_fee0.10_mp0.10_br25000,491,1095,1315.4593564253248,0.05261837425701299,2.1774586143711288,232.7723247733598,0.4195519348268839,0.050907294889419974
S0107_ev0.01_fractional_kelly_kf0.20_fee0.10_mp0.15_br25000,491,1095,1315.4593564253248,0.05261837425701299,2.1774586143711288,232.7723247733598,0.4195519348268839,0.050907294889419974
S0128_ev0.01_fractional_kelly_kf0.25_fee0.10_mp0.05_br25000,491,1095,1315.4593564253248,0.05261837425701299,2.1774586143711288,232.7723247733598,0.4195519348268839,0.050907294889419974
S0131_ev0.01_fractional_kelly_kf0.25_fee0.10_mp0.10_br25000,491,1095,1315.4593564253248,0.05261837425701299,2.1774586143711288,232.7723247733598,0.4195519348268839,0.050907294889419974
S0134_ev0.01_fractional_kelly_kf0.25_fee0.10_mp0.15_br25000,491,1095,1315.4593564253248,0.05261837425701299,2.1774586143711288,232.7723247733598,0.4195519348268839,0.050907294889419974
S0153_ev0.01_capped_kelly_kf0.10_fee0.10_mp0.05_br5000,491,1095,1315.4593564253248,0.26309187128506495,2.1774586143711288,232.7723247733598,0.4195519348268839,0.050907294889419974
S0154_ev0.01_capped_kelly_kf0.10_fee0.10_mp0.05_br10000,491,1095,1315.4593564253248,0.13154593564253247,2.1774586143711288,232.7723247733598,0.4195519348268839,0.050907294889419974
S0155_ev0.01_capped_kelly_kf0.10_fee0.10_mp0.05_br25000,491,1095,1315.4593564253248,0.05261837425701299,2.1774586143711288,232.7723247733598,0.4195519348268839,0.050907294889419974
S0156_ev0.01_capped_kelly_kf0.10_fee0.10_mp0.10_br5000,491,1095,1315.4593564253248,0.26309187128506495,2.1774586143711288,232.7723247733598,0.4195519348268839,0.050907294889419974
S0157_ev0.01_capped_kelly_kf0.10_fee0.10_mp0.10_br10000,491,1095,1315.4593564253248,0.13154593564253247,2.1774586143711288,232.7723247733598,0.4195519348268839,0.050907294889419974
S0158_ev0.01_capped_kelly_kf0.10_fee0.10_mp0.10_br25000,491,1095,1315.4593564253248,0.05261837425701299,2.1774586143711288,232.7723247733598,0.4195519348268839,0.050907294889419974
S0159_ev0.01_capped_kelly_kf0.10_fee0.10_mp0.15_br5000,491,1095,1315.4593564253248,0.26309187128506495,2.1774586143711288,232.7723247733598,0.4195519348268839,0.050907294889419974
S0160_ev0.01_capped_kelly_kf0.10_fee0.10_mp0.15_br10000,491,1095,1315.4593564253248,0.13154593564253247,2.1774586143711288,232.7723247733598,0.4195519348268839,0.050907294889419974
S0161_ev0.01_capped_kelly_kf0.10_fee0.10_mp0.15_br25000,491,1095,1315.4593564253248,0.05261837425701299,2.1774586143711288,232.7723247733598,0.4195519348268839,0.050907294889419974
S0180_ev0.01_capped_kelly_kf0.20_fee0.10_mp0.05_br5000,491,1095,1315.4593564253248,0.26309187128506495,2.1774586143711288,232.7723247733598,0.4195519348268839,0.050907294889419974
S0181_ev0.01_capped_kelly_kf0.20_fee0.10_mp0.05_br10000,491,1095,1315.4593564253248,0.13154593564253247,2.1774586143711288,232.7723247733598,0.4195519348268839,0.050907294889419974
S0182_ev0.01_capped_kelly_kf0.20_fee0.10_mp0.05_br25000,491,1095,1315.4593564253248,0.05261837425701299,2.1774586143711288,232.7723247733598,0.4195519348268839,0.050907294889419974
S0183_ev0.01_capped_kelly_kf0.20_fee0.10_mp0.10_br5000,491,1095,1315.4593564253248,0.26309187128506495,2.1774586143711288,232.7723247733598,0.4195519348268839,0.050907294889419974
S0184_ev0.01_capped_kelly_kf0.20_fee0.10_mp0.10_br10000,491,1095,1315.4593564253248,0.13154593564253247,2.1774586143711288,232.7723247733598,0.4195519348268839,0.050907294889419974
S0185_ev0.01_capped_kelly_kf0.20_fee0.10_mp0.10_br25000,491,1095,1315.4593564253248,0.05261837425701299,2.1774586143711288,232.7723247733598,0.4195519348268839,0.050907294889419974
S0186_ev0.01_capped_kelly_kf0.20_fee0.10_mp0.15_br5000,491,1095,1315.4593564253248,0.26309187128506495,2.1774586143711288,232.7723247733598,0.4195519348268839,0.050907294889419974
S0187_ev0.01_capped_kelly_kf0.20_fee0.10_mp0.15_br10000,491,1095,1315.4593564253248,0.13154593564253247,2.1774586143711288,232.7723247733598,0.4195519348268839,0.050907294889419974
S0188_ev0.01_capped_kelly_kf0.20_fee0.10_mp0.15_br25000,491,1095,1315.4593564253248,0.05261837425701299,2.1774586143711288,232.7723247733598,0.4195519348268839,0.050907294889419974
S0207_ev0.01_capped_kelly_kf0.25_fee0.10_mp0.05_br5000,491,1095,1315.4593564253248,0.26309187128506495,2.1774586143711288,232.7723247733598,0.4195519348268839,0.050907294889419974
S0208_ev0.01_capped_kelly_kf0.25_fee0.10_mp0.05_br10000,491,1095,1315.4593564253248,0.13154593564253247,2.1774586143711288,232.7723247733598,0.4195519348268839,0.050907294889419974
S0209_ev0.01_capped_kelly_kf0.25_fee0.10_mp0.05_br25000,491,1095,1315.4593564253248,0.05261837425701299,2.1774586143711288,232.7723247733598,0.4195519348268839,0.050907294889419974
S0210_ev0.01_capped_kelly_kf0.25_fee0.10_mp0.10_br5000,491,1095,1315.4593564253248,0.26309187128506495,2.1774586143711288,232.7723247733598,0.4195519348268839,0.050907294889419974
S0211_ev0.01_capped_kelly_kf0.25_fee0.10_mp0.10_br10000,491,1095,1315.4593564253248,0.13154593564253247,2.1774586143711288,232.7723247733598,0.4195519348268839,0.050907294889419974
S0212_ev0.01_capped_kelly_kf0.25_fee0.10_mp0.10_br25000,491,1095,1315.4593564253248,0.05261837425701299,2.1774586143711288,232.7723247733598,0.4195519348268839,0.050907294889419974
S0213_ev0.01_capped_kelly_kf0.25_fee0.10_mp0.15_br5000,491,1095,1315.4593564253248,0.26309187128506495,2.1774586143711288,232.7723247733598,0.4195519348268839,0.050907294889419974
S0214_ev0.01_capped_kelly_kf0.25_fee0.10_mp0.15_br10000,491,1095,1315.4593564253248,0.13154593564253247,2.1774586143711288,232.7723247733598,0.4195519348268839,0.050907294889419974
S0215_ev0.01_capped_kelly_kf0.25_fee0.10_mp0.15_br25000,491,1095,1315.4593564253248,0.05261837425701299,2.1774586143711288,232.7723247733598,0.4195519348268839,0.050907294889419974
S0288_ev0.02_fractional_kelly_kf0.10_fee0.10_mp0.05_br5000,412,1095,1220.05681006573,0.244011362013146,2.801776815003995,199.32742208325263,0.441747572815534,0.05778247419075885
S0291_ev0.02_fractional_kelly_kf0.10_fee0.10_mp0.10_br5000,412,1095,1220.05681006573,0.244011362013146,2.801776815003995,199.32742208325263,0.441747572815534,0.05778247419075885
S0294_ev0.02_fractional_kelly_kf0.10_fee0.10_mp0.15_br5000,412,1095,1220.05681006573,0.244011362013146,2.801776815003995,199.32742208325263,0.441747572815534,0.05778247419075885
S0072_ev0.01_fractional_kelly_kf0.10_fee0.10_mp0.05_br5000,491,1095,1192.5494852905033,0.23850989705810066,2.469416573798508,206.68841540794253,0.4195519348268839,0.050907294889419974
S0075_ev0.01_fractional_kelly_kf0.10_fee0.10_mp0.10_br5000,491,1095,1192.5494852905033,0.23850989705810066,2.469416573798508,206.68841540794253,0.4195519348268839,0.050907294889419974
S0078_ev0.01_fractional_kelly_kf0.10_fee0.10_mp0.15_br5000,491,1095,1192.5494852905033,0.23850989705810066,2.469416573798508,206.68841540794253,0.4195519348268839,0.050907294889419974
S0216_ev0.02_fixed_kf0.10_fee0.05_mp0.05_br5000,600,1095,224.59656253807555,0.044919312507615106,2.8651819784308405,21.663961322808888,0.49166666666666664,0.06472610906851266
S0217_ev0.02_fixed_kf0.10_fee0.05_mp0.05_br10000,600,1095,224.59656253807555,0.022459656253807553,2.8651819784308405,21.663961322808888,0.49166666666666664,0.06472610906851266
S0218_ev0.02_fixed_kf0.10_fee0.05_mp0.05_br25000,600,1095,224.59656253807555,0.008983862501523021,2.8651819784308405,21.663961322808888,0.49166666666666664,0.06472610906851266
S0219_ev0.02_fixed_kf0.10_fee0.05_mp0.10_br5000,600,1095,224.59656253807555,0.044919312507615106,2.8651819784308405,21.663961322808888,0.49166666666666664,0.06472610906851266
S0220_ev0.02_fixed_kf0.10_fee0.05_mp0.10_br10000,600,1095,224.59656253807555,0.022459656253807553,2.8651819784308405,21.663961322808888,0.49166666666666664,0.06472610906851266
S0221_ev0.02_fixed_kf0.10_fee0.05_mp0.10_br25000,600,1095,224.59656253807555,0.008983862501523021,2.8651819784308405,21.663961322808888,0.49166666666666664,0.06472610906851266
S0222_ev0.02_fixed_kf0.10_fee0.05_mp0.15_br5000,600,1095,224.59656253807555,0.044919312507615106,2.8651819784308405,21.663961322808888,0.49166666666666664,0.06472610906851266
S0223_ev0.02_fixed_kf0.10_fee0.05_mp0.15_br10000,600,1095,224.59656253807555,0.022459656253807553,2.8651819784308405,21.663961322808888,0.49166666666666664,0.06472610906851266
S0224_ev0.02_fixed_kf0.10_fee0.05_mp0.15_br25000,600,1095,224.59656253807555,0.008983862501523021,2.8651819784308405,21.663961322808888,0.49166666666666664,0.06472610906851266
S0000_ev0.01_fixed_kf0.10_fee0.05_mp0.05_br5000,704,1095,205.4089004905786,0.041081780098115715,2.268676824219362,28.51545242673467,0.4758522727272727,0.057335226283556404
S0001_ev0.01_fixed_kf0.10_fee0.05_mp0.05_br10000,704,1095,205.4089004905786,0.020540890049057858,2.268676824219362,28.51545242673467,0.4758522727272727,0.057335226283556404
S0002_ev0.01_fixed_kf0.10_fee0.05_mp0.05_br25000,704,1095,205.4089004905786,0.008216356019623143,2.268676824219362,28.51545242673467,0.4758522727272727,0.057335226283556404
S0003_ev0.01_fixed_kf0.10_fee0.05_mp0.10_br5000,704,1095,205.4089004905786,0.041081780098115715,2.268676824219362,28.51545242673467,0.4758522727272727,0.057335226283556404
S0004_ev0.01_fixed_kf0.10_fee0.05_mp0.10_br10000,704,1095,205.4089004905786,0.020540890049057858,2.268676824219362,28.51545242673467,0.4758522727272727,0.057335226283556404
S0005_ev0.01_fixed_kf0.10_fee0.05_mp0.10_br25000,704,1095,205.4089004905786,0.008216356019623143,2.268676824219362,28.51545242673467,0.4758522727272727,0.057335226283556404
S0006_ev0.01_fixed_kf0.10_fee0.05_mp0.15_br5000,704,1095,205.4089004905786,0.041081780098115715,2.268676824219362,28.51545242673467,0.4758522727272727,0.057335226283556404
S0007_ev0.01_fixed_kf0.10_fee0.05_mp0.15_br10000,704,1095,205.4089004905786,0.020540890049057858,2.268676824219362,28.51545242673467,0.4758522727272727,0.057335226283556404
S0008_ev0.01_fixed_kf0.10_fee0.05_mp0.15_br25000,704,1095,205.4089004905786,0.008216356019623143,2.268676824219362,28.51545242673467,0.4758522727272727,0.057335226283556404
S0009_ev0.01_fixed_kf0.10_fee0.07_mp0.05_br5000,612,1095,189.7216166103027,0.03794432332206054,2.4479963723581597,22.75577697377895,0.45751633986928103,0.05452659318235039
S0010_ev0.01_fixed_kf0.10_fee0.07_mp0.05_br10000,612,1095,189.7216166103027,0.01897216166103027,2.4479963723581597,22.75577697377895,0.45751633986928103,0.05452659318235039
S0011_ev0.01_fixed_kf0.10_fee0.07_mp0.05_br25000,612,1095,189.7216166103027,0.0075888646644121085,2.4479963723581597,22.75577697377895,0.45751633986928103,0.05452659318235039
S0012_ev0.01_fixed_kf0.10_fee0.07_mp0.10_br5000,612,1095,189.7216166103027,0.03794432332206054,2.4479963723581597,22.75577697377895,0.45751633986928103,0.05452659318235039
S0013_ev0.01_fixed_kf0.10_fee0.07_mp0.10_br10000,612,1095,189.7216166103027,0.01897216166103027,2.4479963723581597,22.75577697377895,0.45751633986928103,0.05452659318235039
S0014_ev0.01_fixed_kf0.10_fee0.07_mp0.10_br25000,612,1095,189.7216166103027,0.0075888646644121085,2.4479963723581597,22.75577697377895,0.45751633986928103,0.05452659318235039
S0015_ev0.01_fixed_kf0.10_fee0.07_mp0.15_br5000,612,1095,189.7216166103027,0.03794432332206054,2.4479963723581597,22.75577697377895,0.45751633986928103,0.05452659318235039
S0016_ev0.01_fixed_kf0.10_fee0.07_mp0.15_br10000,612,1095,189.7216166103027,0.01897216166103027,2.4479963723581597,22.75577697377895,0.45751633986928103,0.05452659318235039
S0017_ev0.01_fixed_kf0.10_fee0.07_mp0.15_br25000,612,1095,189.7216166103027,0.0075888646644121085,2.4479963723581597,22.75577697377895,0.45751633986928103,0.05452659318235039
S0432_ev0.03_fixed_kf0.10_fee0.05_mp0.05_br5000,494,1095,185.65188559896484,0.037130377119792966,2.8017658555825746,23.343373296884522,0.4898785425101215,0.07318947289799739
S0433_ev0.03_fixed_kf0.10_fee0.05_mp0.05_br10000,494,1095,185.65188559896484,0.018565188559896483,2.8017658555825746,23.343373296884522,0.4898785425101215,0.07318947289799739
S0434_ev0.03_fixed_kf0.10_fee0.05_mp0.05_br25000,494,1095,185.65188559896484,0.007426075423958594,2.8017658555825746,23.343373296884522,0.4898785425101215,0.07318947289799739
S0435_ev0.03_fixed_kf0.10_fee0.05_mp0.10_br5000,494,1095,185.65188559896484,0.037130377119792966,2.8017658555825746,23.343373296884522,0.4898785425101215,0.07318947289799739
S0436_ev0.03_fixed_kf0.10_fee0.05_mp0.10_br10000,494,1095,185.65188559896484,0.018565188559896483,2.8017658555825746,23.343373296884522,0.4898785425101215,0.07318947289799739
S0437_ev0.03_fixed_kf0.10_fee0.05_mp0.10_br25000,494,1095,185.65188559896484,0.007426075423958594,2.8017658555825746,23.343373296884522,0.4898785425101215,0.07318947289799739
S0438_ev0.03_fixed_kf0.10_fee0.05_mp0.15_br5000,494,1095,185.65188559896484,0.037130377119792966,2.8017658555825746,23.343373296884522,0.4898785425101215,0.07318947289799739
S0439_ev0.03_fixed_kf0.10_fee0.05_mp0.15_br10000,494,1095,185.65188559896484,0.018565188559896483,2.8017658555825746,23.343373296884522,0.4898785425101215,0.07318947289799739
S0440_ev0.03_fixed_kf0.10_fee0.05_mp0.15_br25000,494,1095,185.65188559896484,0.007426075423958594,2.8017658555825746,23.343373296884522,0.4898785425101215,0.07318947289799739
S0225_ev0.02_fixed_kf0.10_fee0.07_mp0.05_br5000,514,1095,180.2327917568565,0.0360465583513713,2.705175145831495,19.55161151017213,0.4649805447470817,0.062098262246648266
S0226_ev0.02_fixed_kf0.10_fee0.07_mp0.05_br10000,514,1095,180.2327917568565,0.01802327917568565,2.705175145831495,19.55161151017213,0.4649805447470817,0.062098262246648266
S0227_ev0.02_fixed_kf0.10_fee0.07_mp0.05_br25000,514,1095,180.2327917568565,0.00720931167027426,2.705175145831495,19.55161151017213,0.4649805447470817,0.062098262246648266
S0228_ev0.02_fixed_kf0.10_fee0.07_mp0.10_br5000,514,1095,180.2327917568565,0.0360465583513713,2.705175145831495,19.55161151017213,0.4649805447470817,0.062098262246648266
S0229_ev0.02_fixed_kf0.10_fee0.07_mp0.10_br10000,514,1095,180.2327917568565,0.01802327917568565,2.705175145831495,19.55161151017213,0.4649805447470817,0.062098262246648266
S0230_ev0.02_fixed_kf0.10_fee0.07_mp0.10_br25000,514,1095,180.2327917568565,0.00720931167027426,2.705175145831495,19.55161151017213,0.4649805447470817,0.062098262246648266
S0231_ev0.02_fixed_kf0.10_fee0.07_mp0.15_br5000,514,1095,180.2327917568565,0.0360465583513713,2.705175145831495,19.55161151017213,0.4649805447470817,0.062098262246648266
S0232_ev0.02_fixed_kf0.10_fee0.07_mp0.15_br10000,514,1095,180.2327917568565,0.01802327917568565,2.705175145831495,19.55161151017213,0.4649805447470817,0.062098262246648266
S0233_ev0.02_fixed_kf0.10_fee0.07_mp0.15_br25000,514,1095,180.2327917568565,0.00720931167027426,2.705175145831495,19.55161151017213,0.4649805447470817,0.062098262246648266
S0441_ev0.03_fixed_kf0.10_fee0.07_mp0.05_br5000,419,1095,165.03554154778433,0.03300710830955687,2.998106740018876,24.436018592837968,0.477326968973747,0.07059176983466765
S0442_ev0.03_fixed_kf0.10_fee0.07_mp0.05_br10000,419,1095,165.03554154778433,0.016503554154778433,2.998106740018876,24.436018592837968,0.477326968973747,0.07059176983466765
S0443_ev0.03_fixed_kf0.10_fee0.07_mp0.05_br25000,419,1095,165.03554154778433,0.0066014216619113735,2.998106740018876,24.436018592837968,0.477326968973747,0.07059176983466765
S0444_ev0.03_fixed_kf0.10_fee0.07_mp0.10_br5000,419,1095,165.03554154778433,0.03300710830955687,2.998106740018876,24.436018592837968,0.477326968973747,0.07059176983466765
S0445_ev0.03_fixed_kf0.10_fee0.07_mp0.10_br10000,419,1095,165.03554154778433,0.016503554154778433,2.998106740018876,24.436018592837968,0.477326968973747,0.07059176983466765
S0446_ev0.03_fixed_kf0.10_fee0.07_mp0.10_br25000,419,1095,165.03554154778433,0.0066014216619113735,2.998106740018876,24.436018592837968,0.477326968973747,0.07059176983466765
S0447_ev0.03_fixed_kf0.10_fee0.07_mp0.15_br5000,419,1095,165.03554154778433,0.03300710830955687,2.998106740018876,24.436018592837968,0.477326968973747,0.07059176983466765
S0448_ev0.03_fixed_kf0.10_fee0.07_mp0.15_br10000,419,1095,165.03554154778433,0.016503554154778433,2.998106740018876,24.436018592837968,0.477326968973747,0.07059176983466765
S0449_ev0.03_fixed_kf0.10_fee0.07_mp0.15_br25000,419,1095,165.03554154778433,0.0066014216619113735,2.998106740018876,24.436018592837968,0.477326968973747,0.07059176983466765
S0234_ev0.02_fixed_kf0.10_fee0.10_mp0.05_br5000,412,1095,145.10621411819858,0.029021242823639715,2.8178134927184115,22.807405214750823,0.441747572815534,0.05778247419075885
S0235_ev0.02_fixed_kf0.10_fee0.10_mp0.05_br10000,412,1095,145.10621411819858,0.014510621411819857,2.8178134927184115,22.807405214750823,0.441747572815534,0.05778247419075885
S0236_ev0.02_fixed_kf0.10_fee0.10_mp0.05_br25000,412,1095,145.10621411819858,0.005804248564727943,2.8178134927184115,22.807405214750823,0.441747572815534,0.05778247419075885
S0237_ev0.02_fixed_kf0.10_fee0.10_mp0.10_br5000,412,1095,145.10621411819858,0.029021242823639715,2.8178134927184115,22.807405214750823,0.441747572815534,0.05778247419075885
S0238_ev0.02_fixed_kf0.10_fee0.10_mp0.10_br10000,412,1095,145.10621411819858,0.014510621411819857,2.8178134927184115,22.807405214750823,0.441747572815534,0.05778247419075885
S0239_ev0.02_fixed_kf0.10_fee0.10_mp0.10_br25000,412,1095,145.10621411819858,0.005804248564727943,2.8178134927184115,22.807405214750823,0.441747572815534,0.05778247419075885
S0240_ev0.02_fixed_kf0.10_fee0.10_mp0.15_br5000,412,1095,145.10621411819858,0.029021242823639715,2.8178134927184115,22.807405214750823,0.441747572815534,0.05778247419075885
S0241_ev0.02_fixed_kf0.10_fee0.10_mp0.15_br10000,412,1095,145.10621411819858,0.014510621411819857,2.8178134927184115,22.807405214750823,0.441747572815534,0.05778247419075885
S0242_ev0.02_fixed_kf0.10_fee0.10_mp0.15_br25000,412,1095,145.10621411819858,0.005804248564727943,2.8178134927184115,22.807405214750823,0.441747572815534,0.05778247419075885
S0450_ev0.03_fixed_kf0.10_fee0.10_mp0.05_br5000,333,1095,133.15696791424446,0.026631393582848894,3.119369006991516,17.703565337036515,0.4624624624624625,0.0655706175502909
S0451_ev0.03_fixed_kf0.10_fee0.10_mp0.05_br10000,333,1095,133.15696791424446,0.013315696791424447,3.119369006991516,17.703565337036515,0.4624624624624625,0.0655706175502909
S0452_ev0.03_fixed_kf0.10_fee0.10_mp0.05_br25000,333,1095,133.15696791424446,0.005326278716569779,3.119369006991516,17.703565337036515,0.4624624624624625,0.0655706175502909
S0453_ev0.03_fixed_kf0.10_fee0.10_mp0.10_br5000,333,1095,133.15696791424446,0.026631393582848894,3.119369006991516,17.703565337036515,0.4624624624624625,0.0655706175502909
S0454_ev0.03_fixed_kf0.10_fee0.10_mp0.10_br10000,333,1095,133.15696791424446,0.013315696791424447,3.119369006991516,17.703565337036515,0.4624624624624625,0.0655706175502909
S0455_ev0.03_fixed_kf0.10_fee0.10_mp0.10_br25000,333,1095,133.15696791424446,0.005326278716569779,3.119369006991516,17.703565337036515,0.4624624624624625,0.0655706175502909
S0456_ev0.03_fixed_kf0.10_fee0.10_mp0.15_br5000,333,1095,133.15696791424446,0.026631393582848894,3.119369006991516,17.703565337036515,0.4624624624624625,0.0655706175502909
S0457_ev0.03_fixed_kf0.10_fee0.10_mp0.15_br10000,333,1095,133.15696791424446,0.013315696791424447,3.119369006991516,17.703565337036515,0.4624624624624625,0.0655706175502909
S0458_ev0.03_fixed_kf0.10_fee0.10_mp0.15_br25000,333,1095,133.15696791424446,0.005326278716569779,3.119369006991516,17.703565337036515,0.4624624624624625,0.0655706175502909
S0018_ev0.01_fixed_kf0.10_fee0.10_mp0.05_br5000,491,1095,131.54593564253267,0.026309187128506533,2.1774586143711288,23.277232477335964,0.4195519348268839,0.050907294889419974
S0019_ev0.01_fixed_kf0.10_fee0.10_mp0.05_br10000,491,1095,131.54593564253267,0.013154593564253267,2.1774586143711288,23.277232477335964,0.4195519348268839,0.050907294889419974
S0020_ev0.01_fixed_kf0.10_fee0.10_mp0.05_br25000,491,1095,131.54593564253267,0.005261837425701307,2.1774586143711288,23.277232477335964,0.4195519348268839,0.050907294889419974
S0021_ev0.01_fixed_kf0.10_fee0.10_mp0.10_br5000,491,1095,131.54593564253267,0.026309187128506533,2.1774586143711288,23.277232477335964,0.4195519348268839,0.050907294889419974
S0022_ev0.01_fixed_kf0.10_fee0.10_mp0.10_br10000,491,1095,131.54593564253267,0.013154593564253267,2.1774586143711288,23.277232477335964,0.4195519348268839,0.050907294889419974
S0023_ev0.01_fixed_kf0.10_fee0.10_mp0.10_br25000,491,1095,131.54593564253267,0.005261837425701307,2.1774586143711288,23.277232477335964,0.4195519348268839,0.050907294889419974
S0024_ev0.01_fixed_kf0.10_fee0.10_mp0.15_br5000,491,1095,131.54593564253267,0.026309187128506533,2.1774586143711288,23.277232477335964,0.4195519348268839,0.050907294889419974
S0025_ev0.01_fixed_kf0.10_fee0.10_mp0.15_br10000,491,1095,131.54593564253267,0.013154593564253267,2.1774586143711288,23.277232477335964,0.4195519348268839,0.050907294889419974
S0026_ev0.01_fixed_kf0.10_fee0.10_mp0.15_br25000,491,1095,131.54593564253267,0.005261837425701307,2.1774586143711288,23.277232477335964,0.4195519348268839,0.050907294889419974
